,id,n1_n2,n1_n3,n1_t1,n1_t2,n1_t3,n1_t4,n1_t5,n1_t6,n1_y1,n1_y2,n1_y3,n2_n3,n2_t1,n2_t2,n2_t3,n2_t4,n2_t5,n2_t6,n2_y1,n2_y2,n2_y3,n3_t1,n3_t2,n3_t3,n3_t4,n3_t5,n3_t6,n3_y1,n3_y2,n3_y3,t1_t2,t1_t3,t1_t4,t1_t5,t1_t6,t1_y1,t1_y2,t1_y3,t2_t3,t2_t4,t2_t5,t2_t6,t2_y1,t2_y2,t2_y3,t3_t4,t3_t5,t3_t6,t3_y1,t3_y2,t3_y3,t4_t5,t4_t6,t4_y1,t4_y2,t4_y3,t5_t6,t5_y1,t5_y2,t5_y3,t6_y1,t6_y2,t6_y3,y1_y2,y1_y3,y2_y3
0,CCPL00001c,0.026268989,0.024045795,0.025301171,0.026157675,0.02602721,0.020612698,0.045955937,0.0153515,0.023904435,0.010641444,0.025801102,0.018372996,0.015907461,0.016023284,0.015987474,0.018230496,0.023459733,0.018901324,0.016607411,0.022090415,0.015842061,0.018968152,0.019285129,0.019331358,0.017161349,0.031685505,0.017547509,0.018470647,0.020092782,0.019081486,0.005245078,0.006647047,0.019603994,0.028034324,0.019356601,0.010333866,0.021310359,0.002900693,0.004700149,0.020021904,0.027436731,0.01999829,0.009891666,0.0221358,0.005612439,0.019921873,0.027559767,0.019984249,0.009421899,0.022056391,0.006979266,0.033862848,0.014494524,0.018292412,0.016848158,0.019818943,0.036783166,0.0298167,0.041435972,0.027574817,0.01826423,0.012694504,0.019688576,0.019619325,0.01068012,0.021772593
1,CCPL00001p,0.042697892,0.035247177,0.044245157,0.049107123,0.035001062,0.011917964,0.0134485,0.038470604,0.032140046,0.035204642,0.033097357,0.020134714,0.015026671,0.013292399,0.01990515,0.035443157,0.034939442,0.020843549,0.018130075,0.015379491,0.021283379,0.022379832,0.023362577,0.020409938,0.029220408,0.028680874,0.020410808,0.018206529,0.017288849,0.02072338,0.016863585,0.023252496,0.036901239,0.035981555,0.022888236,0.020331893,0.018189602,0.024645666,0.023219377,0.041677073,0.041386966,0.022867585,0.020560207,0.01939016,0.024639465,0.028953983,0.029114416,0.019930724,0.018451355,0.01876973,0.005483033,0.010729712,0.032331392,0.025389919,0.027537936,0.0274681,0.032029942,0.025529785,0.02751988,0.027686501,0.020391947,0.019827761,0.020733368,0.014183759,0.018847404,0.019660534
2,CCPL00002e,0.020395374,0.012724895,0.020164313,0.021969913,0.018670136,0.022412464,0.02273945,0.022100022,0.022579977,0.017604092,0.022507183,0.023376206,0.018962145,0.016892537,0.017664077,0.020034609,0.017643614,0.02152987,0.018381761,0.02848077,0.016636303,0.023763767,0.025035346,0.020887243,0.02560935,0.02575551,0.022277514,0.026021764,0.011945851,0.026302466,0.017948572,0.018582743,0.020503949,0.019790033,0.025824992,0.019760164,0.027694359,0.018435452,0.014715905,0.017664297,0.01231319,0.01961262,0.013728115,0.030904068,0.011256396,0.017893512,0.015350013,0.020026248,0.015755918,0.027883569,0.014201167,0.017675141,0.024716005,0.017999627,0.030054115,0.016443787,0.020521864,0.014638693,0.031695269,0.012085948,0.020761037,0.026987106,0.020137627,0.031458352,0.012472709,0.032026805
3,CCPL00002f,0.020596219,0.016816908,0.01845864,0.014109578,0.013020542,0.017344341,0.020717451,0.010419212,0.016118407,0.014797091,0.01817536,0.021323113,0.014911772,0.018381342,0.020717716,0.02040896,0.020203833,0.018788986,0.02256386,0.017255511,0.011675798,0.019013226,0.017754743,0.017096454,0.018532461,0.021864837,0.016569937,0.018414253,0.017602077,0.019109352,0.01608949,0.017821711,0.016895279,0.019069944,0.016219137,0.019992881,0.014918837,0.013633435,0.015291876,0.017255772,0.018787142,0.012952733,0.018386299,0.007089561,0.016189,0.015999787,0.021314716,0.012799955,0.015422489,0.015770134,0.017930543,0.022651007,0.015709875,0.016982539,0.017202506,0.018963927,0.019155003,0.024499195,0.018527268,0.017727677,0.016190022,0.013517645,0.016267326,0.018617474,0.020380253,0.015151232
4,CCPL00002g,0.030851716,0.022074789,0.019066432,0.017466748,0.027401051,0.015043695,0.020720685,0.021479361,0.017069403,0.015951423,0.015889848,0.028437691,0.025859019,0.026729578,0.010519429,0.030642657,0.030204318,0.026563531,0.030164665,0.028236076,0.025677467,0.01987898,0.016921369,0.024994941,0.018976577,0.020889997,0.017568653,0.018817853,0.020216851,0.017744871,0.016427798,0.022621477,0.018034639,0.020564971,0.018114747,0.015328539,0.016766125,0.01576525,0.023174444,0.013770215,0.016460398,0.015165187,0.014157056,0.015873501,0.013061474,0.027169695,0.026618324,0.022529351,0.025893727,0.024190737,0.021778533,0.017180074,0.018645458,0.015334125,0.014735434,0.01412499,0.019018028,0.018267421,0.019513935,0.017587891,0.016466217,0.018123781,0.014260218,0.014329162,0.013970609,0.014058719
5,CCPL000037,0.02223473,0.032217577,0.016169362,0.013986121,0.017621994,0.015168779,0.016756868,0.026774054,0.016423324,0.013986121,0.016660377,0.046854373,0.019304784,0.019817108,0.022828003,0.015397537,0.020736113,0.041464727,0.020275699,0.019817108,0.016816359,0.038927279,0.033433225,0.030004432,0.040054187,0.036045462,0.008299932,0.035141427,0.033433225,0.038121529,0.014535558,0.021259464,0.012402498,0.017335353,0.033624873,0.015721204,0.014535558,0.01505373,0.017411401,0.01031332,0.01563633,0.028184012,0.015187406,0,0.014980138,0.020279761,0.020438986,0.025344795,0.017814208,0.017411401,0.017810302,0.015349955,0.034463961,0.015487156,0.01031332,0.013584892,0.030821299,0.018070914,0.01563633,0.017483162,0.030233497,0.028184012,0.03292067,0.015187406,0.008643427,0.014980138
6,CCPL000038,0.0152586,0.017405681,0.01825276,0.021856068,0.033712629,0.017494822,0.015286914,0.01641877,0.022917181,0.017217414,0.016710412,0.023368135,0.021741448,0.011850957,0.042862426,0.017494863,0.011108122,0.022833729,0.013026912,0.02358417,0.022680191,0.024482092,0.032034751,0.024034923,0.016437398,0.021786941,0.01598718,0.033229899,0.016729677,0.016715998,0.02523643,0.038687576,0.026012219,0.020880213,0.022038659,0.026201582,0.022898138,0.021960905,0.051989693,0.026210574,0.016610537,0.030314835,0.00363399,0.030680893,0.029993974,0.032940622,0.040489506,0.027615571,0.053138692,0.027532121,0.028638816,0.016849881,0.019570336,0.027192814,0.018984551,0.020120924,0.021662993,0.017678445,0.022004155,0.021515673,0.031284824,0.017124578,0.006426448,0.031313952,0.030957082,0.017817605
7,CCPL00003c,0.017543543,0.025973117,0.01744001,0.015562847,0.022169814,0.01750166,0.018711761,0.014751962,0.01474014,0.014751962,0.017426515,0.017816791,0.012899871,0.023618234,0.017930511,0.013190623,0.016603198,0.015829781,0.014612569,0.015829781,0.012914662,0.016775649,0.033839785,0.019606585,0.017100755,0.020974031,0.023103787,0.022285528,0.023103787,0.0178353,0.022051923,0.015638292,0.005449621,0.013761287,0.011057179,0.009364347,0.011057179,0.006373828,0.025421644,0.021926155,0.022278627,0.017671712,0.016067088,0.017671712,0.020987535,0.015984172,0.01828064,0.016373908,0.01675766,0.016373908,0.015054329,0.014078108,0.011071447,0.009283137,0.011071447,0.006499002,0.014643416,0.013636273,0.014643416,0.013093363,0.007209936,0,0.009156834,0.007209936,0.006871555,0.009156834
8,CCPL00003e,0.034691766,0.019044755,0.017987125,0.021786401,0.020560475,0.033534892,0.020285973,0.025635989,0.028275946,0.017600177,0.019584009,0.035537105,0.030997276,0.044798374,0.035897881,0.007661426,0.032420877,0.050694376,0.054253224,0.032817017,0.032206696,0.014663103,0.016258057,0.01645972,0.034055747,0.017100155,0.020868501,0.023386501,0.01366304,0.015775541,0.01960489,0.016819485,0.029776232,0.016419409,0.024957366,0.027292913,0.003353023,0.014821835,0.018343229,0.043435942,0.020153381,0.012253416,0.01495524,0.017826904,0.020839514,0.035004605,0.015415753,0.023334734,0.024450252,0.016176887,0.018404637,0.031490207,0.049473215,0.052977752,0.031586647,0.031065801,0.026253702,0.027454473,0.016159164,0.018961797,0.012821994,0.023086766,0.025311491,0.025188437,0.027767072,0.014565031
9,CCPL00003h,0.018193949,0.020139249,0.013697329,0.016320556,0.010914129,0.019250328,0.017534323,0.017193161,0.019172747,0.018460352,0.019250328,0.019480348,0.024599761,0.020921132,0.018171286,0.020469764,0.018492354,0.028027171,0.021075577,0.021255521,0.020469764,0.027568286,0.019816667,0.019709805,0.019690197,0.017903624,0.030787149,0.019531192,0.019852228,0.019690197,0.022392489,0.015959004,0.026760826,0.025452053,0.009124268,0.026349014,0.026409961,0.026760826,0.017204108,0.02058775,0.018862616,0.025490666,0.018234972,0.018515917,0.02058775,0.01875454,0.016998047,0.019513099,0.019171488,0.018470801,0.01875454,0.018038254,0.029927397,0.017919701,0.016123399,0,0.028611118,0.018512774,0.017176939,0.018038254,0.02928636,0.029004632,0.029927397,0.01098396,0.017919701,0.016123399
10,CCPL00003i,0.020990366,0.021732634,0.018643185,0.01774193,0.019757964,0.019951873,0.019075328,0.019951873,0.021399178,0.020644417,0.018298388,0.021925574,0.018653795,0.019564454,0.019606825,0.022081131,0.019833177,0.022081131,0.01997312,0.018287767,0.018592946,0.026000613,0.022371769,0.00955598,0.022595121,0.023488933,0.022595121,0.022088135,0.023295006,0.01289847,0.014567275,0.02306816,0.020514054,0.015202496,0.020514054,0.020579478,0.016792996,0.020785876,0.019626528,0.018617034,0.008832205,0.018617034,0.019600712,0.017267644,0.017435612,0.020487789,0.020870859,0.020487789,0.020149156,0.020828029,0.01154201,0.020628437,0,0.016370106,0.017326856,0.01875454,0.020628437,0.021152535,0.018605595,0.018540481,0.016370106,0.017326856,0.01875454,0.014766622,0.018764464,0.019519012
11,CCPL00003p,0.014343322,0.035453089,0.031562444,0.031388983,0.019060735,0.019624408,0.031485848,0.022263259,0.031765942,0.030916965,0.032516245,0.03385802,0.029836094,0.02963678,0.014730178,0.016100699,0.029120998,0.019526681,0.029915115,0.028911239,0.030447386,0.006059621,0.006274821,0.042124566,0.034145854,0.008257402,0.016110899,0.006204746,0.009248886,0.008002653,0.001094247,0.038246084,0.030697657,0.005989861,0.012513503,0.00397364,0.007942966,0.007527488,0.038050164,0.030566156,0.005912416,0.012380424,0.00391629,0.00796908,0.007622151,0.018546192,0.037658703,0.028040076,0.038405385,0.037094247,0.038661636,0.030548913,0.021688543,0.031153148,0.030262277,0.03107325,0.012754685,0.004650396,0.008885288,0.007574521,0.012666226,0.012735568,0.013955046,0.007721554,0.007889376,0.007634943
12,CCPL00007s,0.018510191,0.018415263,0.019083643,0.01915906,0.017901143,0.017317295,0.01796307,0.018275509,0.019556576,0.017041855,0.017020492,0.017874599,0.019253319,0.018067118,0.018055575,0.0145329,0.019935895,0.020167377,0.018185094,0.016874606,0.013716738,0.018406978,0.018160479,0.015973194,0.018783215,0.017369438,0.021149522,0.018631162,0.01594558,0.018594477,0.004862049,0.019427205,0.019914385,0.019888261,0.022204043,0.004586938,0.019258857,0.019275289,0.019178692,0.019106233,0.019777546,0.021940975,0.003138979,0.018979663,0.018484788,0.019020256,0.019363953,0.021385536,0.019538805,0.017321767,0.018652892,0.019458229,0.01865478,0.019365547,0.01336043,0.006717797,0.020581571,0.020217819,0.019360654,0.019488512,0.022336341,0.02002549,0.018898766,0.01944072,0.018671546,0.013894529
13,CCPL000081,0.017186362,0.024246005,0.014731628,0.018450541,0.017945845,0.018929493,0.018136982,0.018102936,0.018430745,0.017894948,0.017346112,0.023863129,0.018361187,0.022388296,0.021979416,0.022080606,0.021785488,0.021628557,0.02237799,0.021919014,0.021633536,0.024567245,0.023085376,0.020629138,0.021078059,0.02037145,0.019605238,0.020320345,0.020573283,0.021544516,0.019512167,0.019809511,0.020300755,0.020184886,0.019945167,0.02034278,0.01975663,0.019610563,0.018482959,0.019056527,0.018754005,0.018006207,0.018576954,0.018514056,0.01833423,0.018406946,0.004136743,0.007185566,0.005922273,0.002739365,0.005864237,0.018713837,0.018352183,0.018636892,0.018388143,0.017902475,0.007648826,0.006885692,0.003759035,0.007214173,0.004890951,0.007412852,0.00715515,0.006357574,0.00554128,0.006354935
14,CCPL00008b,0.040942471,0.010487087,0.051534336,0.042785402,0.053480115,0.006779572,0.046927065,0.054643553,0.054830972,0.054130971,0.053345818,0.036478534,0.016389314,0.012697178,0.017194765,0.038175397,0.013349996,0.017971972,0.018082643,0.017664803,0.017117452,0.047242332,0.038827788,0.049140494,0.009345125,0.042731598,0.050277781,0.050474156,0.049789537,0.049011033,0.014900547,0.004408882,0.048999492,0.012524679,0.006154434,0.006380178,0.004992204,0.004129236,0.015760664,0.040356118,0.013710652,0.01658389,0.016661888,0.016155878,0.015655922,0.050925743,0.012624442,0.00328195,0.003396959,0.002795038,0.001991236,0.044397797,0.05208553,0.052272987,0.051582236,0.050792735,0.013156601,0.013233359,0.012892655,0.012578934,0.002309291,0.00242383,0.003248256,0.002928652,0.003426868,0.002732263
15,CCPL000098,0.022377217,0.019697955,0.028331213,0.013293912,0.025923274,0.027959595,0.028286688,0.018583884,0.02744587,0.026051559,0.02849021,0.016272312,0.017859545,0.020928657,0.015556596,0.039838165,0.017954452,0.023178106,0.017047429,0.01561084,0.018062463,0.01658389,0.019194886,0.015021636,0.037084151,0.016545456,0.021220343,0.015851889,0.015048195,0.016661888,0.026869966,0.005785062,0.048932809,0.002361941,0.028819049,0.002672049,0.005918888,0.002309291,0.024671378,0.029367706,0.026850468,0.018527336,0.026052555,0.024775321,0.027035335,0.046055634,0.005943518,0.026767706,0.0044606,0.001939028,0.006183811,0.048873175,0.029604472,0.047944386,0.046108201,0.04912011,0.028781192,0.002253196,0.006026593,0.002487753,0.02805387,0.026931563,0.028979361,0.004453837,0.003032405,0.006272835
16,CCPL0000ak,0.018496083,0.043779742,0.01623938,0.026609981,0.01690224,0.009507678,0.012675171,0.016239623,0.005093815,0.009507678,0.016748089,0.042768802,0.020903787,0.028147893,0.020584285,0.019855641,0.018154891,0.021748014,0.018521786,0.019855641,0.023003256,0.037700083,0.018794294,0.037482664,0.043669596,0.041604508,0.05032919,0.042220693,0.043669596,0.038486853,0.022845268,0.017642392,0.017780352,0.017268395,0.02233181,0.015647763,0.017780352,0.019094257,0.021831742,0.026560158,0.02575399,0.033979852,0.025030456,0.026560158,0.023795394,0.017947478,0.018427126,0.021733189,0.016158475,0.017947478,0.021399133,0.014863047,0.017208461,0.0093029,0,0.016563451,0.01957052,0.012855803,0.014863047,0.018280661,0.016935199,0.017208461,0.023980744,0.0093029,0.016132347,0.016563451
17,CCPL0000al,0.023251327,0.027252739,0.054782894,0.026043648,0.011094856,0.009817617,0.009391819,0.022887088,0.027008673,0.025941508,0.024097333,0.021020541,0.038824968,0.018081842,0.020020654,0.01994903,0.019057138,0.016847799,0.01836306,0.018278122,0.017298417,0.032757849,0.020413203,0.022744467,0.023199568,0.022189701,0.021184206,0.01996116,0.015848329,0.019257622,0.037183549,0.04880866,0.049537394,0.048438262,0.039002791,0.035027079,0.033205725,0.038123373,0.020961704,0.022586025,0.02125196,0.017332466,0.021650784,0.020491006,0.016470877,0.011786546,0.009526379,0.019122388,0.024264852,0.022180729,0.019382751,0.009690486,0.020391157,0.021968329,0.021663442,0.019268449,0.018873895,0.0224445,0.020991618,0.019405613,0.020516057,0.020375643,0.017659342,0.01707592,0.019947018,0.019236986
18,CCPL0000am,0.021562109,0.024255091,0.053060081,0.045501813,0.052405369,0.02610383,0.025194354,0.023864212,0.024359552,0.01527892,0.026530072,0.017616976,0.038012408,0.03069233,0.037249908,0.018508883,0.016700927,0.01661556,0.017194236,0.017418936,0.017507361,0.034925185,0.027210375,0.034239873,0.015092897,0.016482823,0.017841432,0.017449487,0.018543368,0.015043859,0.012259954,0.002761583,0.03124685,0.035191994,0.03777767,0.035964388,0.044673178,0.02870523,0.011637583,0.024609223,0.027989423,0.030084005,0.029224968,0.037087806,0.022373423,0.030581491,0.034483206,0.036917154,0.0354563,0.043994159,0.02806432,0.016608909,0.017985703,0.016311286,0.01938894,0.011374906,0.017525695,0.017464245,0.019223275,0.016185369,0.019267451,0.018343646,0.017358569,0.018218247,0.01574056,0.020057376
19,CCPL0000b1,0.024117967,0.027318114,0.020519214,0.017421814,0.02147807,0.021358626,0.021420682,0.017025709,0.024164775,0.020060146,0.018733047,0.010552171,0.018584698,0.013827812,0.024810052,0.024520313,0.025795201,0.025354663,0.010343761,0.018048558,0.027269552,0.022828469,0.019304229,0.028931791,0.02856192,0.030351793,0.029351393,0.014868124,0.023633257,0.031529937,0.011942717,0.018615598,0.018415071,0.019216085,0.019624505,0.018766945,0.014804102,0.018392967,0.016365478,0.016208844,0.017682651,0.017665919,0.013134058,0.010224562,0.016981922,0.004553097,0.019895311,0.019121042,0.024242138,0.017756585,0.016592668,0.020055229,0.019057252,0.023980463,0.0177051,0.016671829,0.018605389,0.026052242,0.018624915,0.012807756,0.025133988,0.019638298,0.01600121,0.016742866,0.026766757,0.018292654
20,CCPL0000b2,0.016196147,0.018252572,0.017949004,0.017193833,0.024345042,0.018264489,0.014455578,0.0290417,0.016187085,0.017820572,0.034064312,0.019019641,0.018624915,0.018775411,0.024447506,0.018424803,0.015709793,0.030675473,0.016360089,0.016805632,0.035268515,0.01395039,0.013210562,0.01542477,0.019998191,0.019449389,0.038276229,0.014874027,0.019382328,0.043819148,0.012964033,0.0157081,0.019616989,0.018763963,0.036087897,0.014570959,0.018851198,0.041644193,0.015390138,0.020179572,0.018485753,0.037256561,0.013889889,0.018790221,0.042999972,0.027399788,0.024904037,0.047263857,0.018806592,0.025062434,0.052859887,0.019483371,0.027194953,0.019306598,0.018736904,0.03252764,0.029552901,0.015261214,0.017504074,0.033970926,0.03443509,0.030050077,0.007758728,0.015831985,0.039660066,0.034901302
21,CCPL0000ci,0.018701803,0.024174592,0.018567512,0.024705449,0.022210404,0.021159569,0.017252138,0.018891901,0.024558952,0.018640453,0.039020143,0.021528788,0.021520466,0.012494457,0.010438696,0.02033148,0.01150217,0.020286519,0.024611495,0.020835081,0.044888485,0.019326864,0.030221665,0.027588239,0.019225584,0.018654481,0.020229081,0.018552091,0.018001799,0.030714573,0.029910585,0.027355483,0.017354215,0.018299868,0.017253874,0.016682563,0.01604509,0.031102559,0.006177103,0.027874628,0.018495336,0.027518161,0.033585008,0.029417232,0.054896638,0.025600648,0.01604221,0.025008971,0.031038018,0.026649714,0.051941078,0.018077586,0.021243425,0.017261945,0.018297635,0.034041859,0.017554063,0.021458125,0.01776636,0.039992139,0.021757877,0.018022373,0.035825849,0.017964004,0.027524546,0.030497907
22,CCPL0000cy,0.020920927,0.019488113,0.023679608,0.031433105,0.019554798,0.017776346,0.017356737,0.03523127,0.033715554,0.020917304,0.020915421,0.019443782,0.02480823,0.029460883,0.017510494,0.01639547,0.018669531,0.033443533,0.030912297,0.020015506,0.020194652,0.019394336,0.035021406,0.019393122,0.01767445,0.01912423,0.039222978,0.037106212,0.017093483,0.015842224,0.045102399,0.025764368,0.023207018,0.025899058,0.04899928,0.047422811,0.014254826,0.013969011,0.026113831,0.027056225,0.026357897,0.009311913,0.010159425,0.039560765,0.039783791,0.014683388,0.016495608,0.029701537,0.027917577,0.020711554,0.020857558,0.01557131,0.030967103,0.0294267,0.018750776,0.018816678,0.029820362,0.029170491,0.021990458,0.021879906,0.011921051,0.043510567,0.043933481,0.041328616,0.04176658,0.013127456
23,CCPL0000db,0.031580709,0.031018103,0.016496476,0.008386184,0.005938854,0.010006745,0.00693775,0.008087411,0.055296987,0.030449636,0.007800866,0.018313533,0.025303207,0.028445056,0.030027276,0.027155852,0.032874808,0.029233539,0.026048413,0.007651841,0.029444197,0.027874799,0.02893351,0.029856861,0.028717062,0.031569585,0.029933855,0.032221232,0.016657509,0.029745242,0.014035132,0.014201636,0.014625662,0.01634858,0.014657707,0.048914086,0.024577199,0.013324611,0.006262854,0.008263296,0.00804159,0.007547578,0.052412719,0.027491057,0.008035811,0.008014502,0.005639797,0.006260643,0.053982783,0.028886331,0.005924299,0.010214965,0.005052985,0.051164433,0.026134051,0.00900043,0.008182938,0.056538615,0.031527001,0.007598951,0.053336903,0.028154267,0.007688242,0.026038205,0.053537901,0.028500488
24,CCPL0000dr,0.01875197,0.014698687,0.01681578,0.018542005,0.028652204,0.019818231,0.018909324,0.014670413,0.023191087,0.029183922,0.017997734,0.0148227,0.018184837,0.018322015,0.029286901,0.018677462,0.020306151,0.01941303,0.024005713,0.029686978,0.020054204,0.013816007,0.015394469,0.027945755,0.016605237,0.017818149,0.015500658,0.021931471,0.028346444,0.017287595,0.016322341,0.033859085,0.017630031,0.022306612,0.015732007,0.027495438,0.034321588,0.022191279,0.028627099,0.017505066,0.019426666,0.018772876,0.022969263,0.029057959,0.019208331,0.024673758,0.015878364,0.030168047,0.008879155,0.003170271,0.013921608,0.016648762,0.02027275,0.019476315,0.025155492,0.016772443,0.020782296,0.011297799,0.016275274,0.009847074,0.024608739,0.030780092,0.019027196,0.009303376,0.009695493,0.014971081
25,CCPL0000eu,0.028652696,0.017420325,0.017900525,0.028654145,0.016122237,0.02039841,0.021451009,0.016919088,0.018403571,0.027798904,0.016866459,0.023012782,0.026374221,0.051050562,0.027835855,0.029458942,0.012547072,0.027590657,0.02539885,0.049738962,0.027888119,0.017973859,0.034548771,0.019731019,0.022695104,0.017311603,0.018219518,0.017742401,0.033293057,0.018326012,0.030943414,0.015758466,0.020391732,0.018902818,0.017441859,0.005699044,0.030030144,0.017024729,0.027695507,0.03089034,0.041713689,0.028394602,0.032492105,0.005785794,0.02794298,0.016712107,0.019865971,0.016653372,0.016241731,0.02749058,0.016025348,0.022467205,0.019852424,0.021202415,0.030191412,0.019377207,0.020290783,0.018254003,0.040404528,0.020421093,0.017865414,0.027180431,0.004717525,0.031612594,0.017480891,0.026894277
26,CCPL0000i9,0.028862566,0.022425143,0.018189665,0.034063987,0.0299116,0.02249478,0.026863569,0.024027919,0.033960208,0.028041543,0.022792911,0.024719188,0.026450837,0.011448878,0.009936783,0.029940002,0.044397946,0.031768095,0.010361916,0.045236986,0.035738163,0.018470196,0.028834127,0.026252946,0.020038271,0.028286127,0.022679791,0.028957969,0.029881472,0.022848865,0.030966224,0.026957998,0.020361792,0.026594311,0.020726928,0.031153999,0.027490331,0.021003602,0.011243054,0.035675399,0.050399106,0.037204068,0.005128103,0.051528227,0.04175837,0.031309105,0.045582723,0.03231122,0.011157855,0.046591368,0.037056495,0.023176363,0.019756036,0.035956755,0.02390863,0.018253656,0.022800812,0.050700884,0.010509088,0.014958321,0.037779473,0.022663541,0.017290991,0.05182736,0.042178884,0.015222888
27,CCPL0000ib,0.019010367,0.02688022,0.016907131,0.032592397,0.020018747,0.01630388,0.015130836,0.017505595,0.019508626,0.016293917,0.015755672,0.025102122,0.020060146,0.038003724,0.019805869,0.017828725,0.019248351,0.019470263,0.021475205,0.021682898,0.019041535,0.020449309,0.054351922,0.013584447,0.016250324,0.02672912,0.024849797,0.027507683,0.02459118,0.023619086,0.038729951,0.013527848,0.012267292,0.017415555,0.017772453,0.019459074,0.014483844,0.014962872,0.045116473,0.041187733,0.032864045,0.03704622,0.035223093,0.036017783,0.036226399,0.010695557,0.019345198,0.018637786,0.020937026,0.017857265,0.016257791,0.015235539,0.015305735,0.018943783,0.014171049,0.013521579,0.016952239,0.01976745,0.01631299,0.014839068,0.018544242,0.016163427,0.017385555,0.020235112,0.020004539,0.014228164
28,CCPL0000ic,0.022941077,0.018988049,0.020107944,0.018258534,0.032654393,0.017571049,0.019123057,0.024189735,0.032117698,0.032117698,0.014401238,0.02308316,0.019752802,0.024802571,0.047409188,0.014936793,0.023789173,0.01018731,0.046752363,0.046752363,0.01542712,0.022502599,0.021397876,0.031563789,0.018528886,0.007768538,0.024820769,0.030900681,0.030900681,0.015146053,0.013934189,0.039492097,0.015189382,0.023395529,0.017933266,0.038992558,0.038992558,0.014241782,0.031927515,0.018174488,0.021930138,0.025008852,0.031526018,0.031526018,0.015261605,0.038669571,0.030407952,0.049237896,0.005303016,0.005303016,0.035023246,0.01933651,0.015065714,0.037982803,0.037982803,0.010005341,0.02617625,0.029747076,0.029747076,0.015990239,0.048628751,0.048628751,0.015667383,0,0.034418959,0.034418959
29,CCPL0000ig,0.016081112,0.018989539,0.020222338,0.028844958,0.019812947,0.017310794,0.019271303,0.017572969,0.016837094,0.018519225,0.021295557,0.018597862,0.016873611,0.025446692,0.021661466,0.008901138,0.020670611,0.016961707,0.01372167,0.018228665,0.018823784,0.019575559,0.034056,0.014462263,0.01819063,0.016177028,0.018090783,0.019329473,0.020008026,0.018883374,0.029499611,0.023034064,0.017565949,0.022293722,0.02043156,0.018475289,0.022542203,0.0203161,0.03852566,0.028873548,0.031040674,0.025276631,0.019951599,0.030230412,0.03124305,0.020926064,0.018174781,0.020416979,0.022927463,0.021224538,0.020207917,0.021295091,0.018599657,0.016447132,0.019354446,0.019705528,0.017647792,0.018372955,0.020433841,0.021699468,0.014538109,0.019552486,0.020136688,0.019086387,0.019676164,0.023819223
30,CCPL0000ih,0.022236506,0.024212882,0.01805128,0.018788528,0.021591971,0.017562125,0.028022552,0.020502441,0.018660298,0.016958384,0.017385701,0.012789804,0.021215796,0.030503744,0.033976149,0.020145817,0.040631283,0.021364726,0.018383324,0.019215114,0.019171035,0.022786235,0.033721574,0.037349138,0.022673896,0.044339553,0.022691302,0.020563021,0.020974142,0.021091849,0.021823322,0.024748383,0.018266315,0.031102022,0.021628698,0.016572786,0.014335982,0.018323224,0.008054682,0.020121377,0.012518647,0.025276689,0.022986567,0.021143699,0.021012502,0.023281291,0.010899962,0.028370434,0.026276134,0.024446631,0.024173662,0.029046282,0.020927666,0.017548241,0.016810374,0.016620263,0.034292761,0.032175474,0.030845793,0.030469567,0.020140573,0.019848084,0.02000707,0.01369864,0.017672883,0.01664523
31,CCPL0000jn,0.022605844,0.018743236,0.032537833,0.025868742,0.020581996,0.019540522,0.020736467,0.028768703,0.020476967,0.018655434,0.023222735,0.020313825,0.04498066,0.012374137,0.010530646,0.014508198,0.023833299,0.013811485,0.010749127,0.01207123,0.010972443,0.030897954,0.024693148,0.017111331,0.016651329,0.021642616,0.027443664,0.016934928,0.016070195,0.020478642,0.049746361,0.04178853,0.038640801,0.035229575,0.053346004,0.041572727,0.039612316,0.045568798,0.01047577,0.015486804,0.026200226,0.006118636,0.010774744,0.013026744,0.008730174,0.009054938,0.022485994,0.012976937,0.002293659,0.008529678,0.007613283,0.021642068,0.018115604,0.008644185,0.011726667,0.012458389,0.028916134,0.022549586,0.019712741,0.024027595,0.013301251,0.015825342,0.010314785,0.008784126,0.007887203,0.009205294
32,CCPL0000jo,0.017192701,0.016223071,0.014655295,0.017356256,0.016187498,0.016438307,0.038202826,0.01615322,0.014655295,0.020285346,0.014505764,0.017211873,0.020307772,0.023014657,0.016806172,0.021710278,0.034471471,0.018184666,0.020307772,0.018985681,0.020328226,0.018037343,0.021944145,0.015516101,0.020225933,0.033721235,0.018529138,0.018037343,0.020825407,0.018144386,0.008036583,0.018568793,0.006273781,0.046098266,0.018059362,0,0.022365784,0.002775344,0.021716604,0.005360477,0.050238241,0.019976979,0.008036583,0.024027595,0.007887203,0.020239284,0.033338908,0.017730847,0.018568793,0.020811127,0.018545434,0.048575219,0.019207871,0.006273781,0.022770843,0.006061203,0.03948288,0.046098266,0.039787434,0.04621708,0.018059362,0.021010777,0.01820771,0.022365784,0.002775344,0.022549586
33,CCPL0000m9,0.016931102,0.019858934,0.014856379,0.017460873,0.021369597,0.01585594,0.016677335,0.01519955,0.01513002,0.017847266,0.015193414,0.022945421,0.013525009,0.020866156,0.018671341,0.013475135,0.013833764,0.011662073,0.013100941,0.021200726,0.013121064,0.020731794,0.009360996,0.025472758,0.02102085,0.020989144,0.018624013,0.021252016,0.008784696,0.021540156,0.018486889,0.021062972,0.011133893,0.013229798,0.012308362,0.002774373,0.018935569,0.002574594,0.023875779,0.018894428,0.019100107,0.016552152,0.018978454,0.002203774,0.019258304,0.020846851,0.019199014,0.016855191,0.020983627,0.024103219,0.020910025,0.014179128,0.011965706,0.011193994,0.019265972,0.011171763,0.012210708,0.013151095,0.019433754,0.013210324,0.012231576,0.016810885,0.012259035,0.019436685,0.002614116,0.019721858
34,CCPL0000mo,0.044298742,0.029872125,0.03905477,0.044360001,0.033394258,0.033393264,0.04597408,0.035396352,0.029994166,0.036029711,0.033426408,0.023833245,0.019547468,0.017104806,0.021425813,0.021428654,0.016783111,0.016895059,0.023616469,0.023801086,0.021395659,0.021434011,0.022447096,0.017407471,0.017446503,0.023473704,0.015914295,0.017277766,0.019956674,0.017396405,0.018837685,0.019956326,0.019950012,0.018729007,0.013942413,0.019507172,0.02115122,0.019940918,0.020165483,0.020159516,0.013147798,0.015111485,0.021756684,0.020869503,0.020131601,0.001523736,0.020052038,0.015273894,0.016582098,0.019127505,0.001821736,0.020043924,0.015255615,0.01656493,0.01911993,0.001853711,0.015479679,0.019559793,0.020111168,0.020009536,0.015342906,0.016639153,0.015239554,0.018770356,0.016569307,0.019097976
35,CCPL0000nf,0.019446209,0.017914107,0.015206064,0.015504603,0.020172736,0.020161558,0.022529153,0.03334735,0.015780164,0.024597431,0.015780164,0.017731123,0.018391015,0.019597815,0.020426497,0.020861084,0.022324523,0.031460855,0.017678948,0.023459142,0.017678948,0.014508919,0.017062312,0.018567253,0.021109931,0.022726635,0.032795515,0.016659321,0.022469347,0.016659321,0.015936106,0.016286558,0.018208766,0.01945013,0.030042954,0.01381942,0.019954741,0.01381942,0.022880808,0.022768311,0.025724567,0.037140969,0.012936625,0.027478522,0.012936625,0.014094283,0.010716069,0.019465804,0.013462664,0.011527623,0.013462664,0.013274715,0.021311663,0.0148491,0.016260667,0.0148491,0.014043841,0.014637875,0.010251095,0.014637875,0.025683643,0.015577125,0.025683643,0.017187182,0,0.017187182
36,CCPL0000ng,0.014660709,0.02662833,0.022918994,0.016413704,0.017534129,0.021860605,0.022318641,0.023196729,0.024158573,0.022807492,0.022887304,0.025968572,0.021157704,0.013822737,0.015642853,0.020016918,0.021256709,0.021098414,0.021609886,0.020850888,0.021034861,0.037505992,0.031266347,0.029624777,0.035320994,0.008852175,0.037653003,0.038520891,0.036721721,0.037337027,0.021664588,0.021233613,0.01018774,0.032917049,0.014202963,0.014542627,0.01402497,0.002757058,0.016125241,0.020845922,0.02656045,0.021751219,0.022038883,0.02174294,0.021590471,0.020513562,0.025961334,0.021638999,0.021957859,0.021535834,0.021179946,0.030770158,0.013195832,0.013780817,0.012599071,0.010065953,0.032886758,0.033732519,0.032012325,0.032749541,0.004487474,0.009176438,0.014131017,0.009883659,0.014478098,0.013969288
37,CCPL0000ny,0.046874207,0.03100221,0.032205176,0.043119255,0.018402765,0.026580149,0.03847884,0.019870708,0.017144816,0.033317376,0.019870708,0.025817966,0.026497239,0.013412089,0.031392392,0.025860449,0.011519318,0.029821595,0.032673161,0.021318078,0.029821595,0.020777406,0.023855517,0.019971978,0.017460888,0.019698378,0.018573727,0.021499828,0.020374052,0.018573727,0.024488261,0.020514457,0.019924924,0.020257477,0.01935418,0.02223211,0.019720286,0.01935418,0.027792787,0.024345202,0.011396344,0.026344204,0.028588226,0.018594852,0.026344204,0.015804619,0.022809952,0.008871593,0.008378373,0.019373698,0.008871593,0.019083561,0.014474896,0.017007774,0.018130945,0.014474896,0.021285459,0.023894785,0.014299414,0.021285459,0.008609361,0.018245475,0,0.020386873,0.008609361,0.018245475
38,CCPL0000o7,0.01724739,0.015151183,0.020433286,0.017959552,0.029688999,0.01753311,0.018454725,0.022418877,0.01903479,0.018611332,0.019362228,0.017179614,0.020403905,0.018276149,0.029772973,0.018184826,0.018816588,0.020629464,0.019473353,0.018828679,0.018905809,0.017591894,0.018342467,0.03373412,0.017969962,0.019581513,0.021868119,0.020033207,0.019613385,0.019594438,0.021310374,0.042638186,0.021154182,0.024132671,0.018340481,0.024591044,0.024014318,0.023709623,0.029176654,0.017495343,0.005633663,0.022202186,0.007024103,0.006309849,0.008743774,0.02982869,0.026037132,0.038096346,0.026609482,0.026093489,0.026933575,0.017847268,0.020409502,0.018255133,0.017773943,0.017985797,0.023825563,0.006055574,0.004957219,0.007999559,0.024511732,0.02365292,0.023154596,0.00705105,0.00941423,0.006876191
39,CCPL0000qd,0.022126941,0.019746888,0.01809884,0.031722188,0.020980394,0.025158754,0.029692961,0.017421043,0.023387549,0.01670631,0.017213903,0.019439038,0.017803628,0.030880518,0.02010629,0.024610335,0.028920928,0.018220603,0.019005653,0.016639939,0.01761678,0.019264134,0.031513143,0.019141244,0.023427261,0.029239997,0.015388484,0.02039261,0.015941901,0.015437514,0.030152669,0.017275488,0.021825938,0.028370112,0.015877666,0.016503511,0.015834253,0.016150856,0.035410408,0.046259236,0.00646182,0.031370968,0.037785329,0.031221813,0.030619407,0.019576563,0.033534221,0.016570238,0.0178205,0.017005986,0.017555626,0.044358741,0.020448806,0.01556128,0.022647077,0.021946428,0.029449994,0.035947457,0.028382828,0.028126782,0.017983142,0.014276695,0.01399384,0.019266978,0.019596061,0.013005328
40,CCPL0000qx,0.044945579,0.031250175,0.015020424,0.011263537,0.012500496,0.022633066,0.013143077,0.018649578,0.020738725,0.020969553,0.012733565,0.015869688,0.038805474,0.044898469,0.052058164,0.028090358,0.046751458,0.033009827,0.032586552,0.035834294,0.047335546,0.025280928,0.030908147,0.038054496,0.015217503,0.032795079,0.021128168,0.019797362,0.022622555,0.033618037,0.014789733,0.018990291,0.017151574,0.015723838,0.016231984,0.016214771,0.018349119,0.014951176,0.012879069,0.022036368,0.013505201,0.019631907,0.01974923,0.018643813,0.013483744,0.028420215,0.013360362,0.024513101,0.025976762,0.02518511,0.01109467,0.023360183,0.016344955,0.014725566,0.01777499,0.02436197,0.021142831,0.021272792,0.022248521,0.013622814,0.017796321,0.019753426,0.021527246,0.019223889,0.022185886,0.02302826
41,CCPL0000qz,0.014673545,0.01773357,0.020254035,0.018886335,0.01926099,0.013416153,0.019613653,0.01756452,0.015459637,0.035264149,0.015543248,0.017383849,0.028075198,0.026271293,0.018178213,0.019034086,0.013773241,0.015573603,0.020362843,0.026626678,0.019519338,0.026148861,0.024424052,0.017763371,0.018649755,0.018566104,0.01894708,0.021404848,0.033736497,0.019813064,0.008474288,0.025979294,0.012961698,0.03416774,0.029535552,0.015783213,0.05163474,0.019407658,0.02456826,0.011983014,0.031794176,0.027673444,0.015424601,0.049427677,0.018052861,0.018015997,0.020228965,0.019041011,0.021759855,0.036012914,0.02140007,0.024576424,0.020995138,0.012865205,0.042043269,0.014658242,0.015723141,0.02604459,0.02221038,0.023409123,0.022603555,0.028749123,0.021303685,0.041767556,0.015680088,0.0394652
42,CCPL0000r0,0.019106414,0.01627358,0.024136653,0.017630333,0.023612171,0.018001964,0.027970618,0.018239316,0.029953381,0.016586609,0.030626012,0.018494392,0.025571473,0.020057214,0.02176697,0.019138787,0.030509332,0.020917796,0.029136017,0.020184871,0.028624093,0.021442711,0.016945986,0.023990201,0.018257884,0.026080735,0.016417319,0.03191448,0.01597302,0.031592958,0.020521248,0.034505911,0.024359861,0.013669041,0.013605275,0.044896692,0.020261938,0.044856817,0.025520524,0.019130915,0.023223208,0.015669053,0.033440202,0.015762474,0.034000665,0.021172473,0.04063689,0.029448664,0.015984641,0.025168875,0.015164002,0.028558424,0.019468546,0.029786834,0.01831905,0.029828334,0.015514943,0.051013127,0.023643263,0.051252726,0.038983177,0.015171193,0.03933664,0.032834522,0.010432586,0.033517458
43,CCPL0000ra,0.01637,0.018067319,0.009373003,0.024978941,0.044712465,0.035853378,0.046703268,0.026249669,0.010467286,0.034934405,0.048146833,0.01839315,0.019407041,0.025519853,0.040548552,0.032337639,0.042225849,0.025888408,0.016224664,0.031111727,0.043958608,0.022460228,0.01745151,0.031487156,0.023840485,0.03331548,0.018919718,0.014256832,0.022023538,0.03490679,0.031179294,0.050114173,0.041058525,0.051868122,0.029911121,0.015292049,0.039963711,0.053584039,0.025140932,0.019181143,0.027754879,0.020225506,0.019756315,0.018636234,0.028010055,0.013581317,0.007876775,0.027386045,0.038589135,0.013245684,0.006857269,0.014689456,0.02032939,0.030261395,0.009645658,0.015811941,0.027690323,0.04066541,0.014640291,0.006598838,0.022324802,0.01993745,0.029781111,0.029068487,0.041917797,0.015861154
44,CCPL0000se,0.018845813,0.01936939,0.022233615,0.021455484,0.032025885,0.016549164,0.029942349,0.01997222,0.018744931,0.031126065,0.019345427,0.016299205,0.016814563,0.021055205,0.026197812,0.014938139,0.024157902,0.013912129,0.013188276,0.025328683,0.013928603,0.013821931,0.0261677,0.020925105,0.013424183,0.018790947,0.013647781,0.01438076,0.020271849,0.018430445,0.03058438,0.013859518,0.013733458,0.011883677,0.012502606,0.014299489,0.012895127,0.020393636,0.041459836,0.023331052,0.039385222,0.024411678,0.022178175,0.040699188,0.017189216,0.022452297,0.004290499,0.020992311,0.023825586,0.005081489,0.030463256,0.020614913,0.013255224,0.013420626,0.021729385,0.017053509,0.018896326,0.021668507,0.005054283,0.028169313,0.005561192,0.020569034,0.014351073,0.023070401,0.013041034,0.029615195
45,CCPL0000sk,0.055394214,0.006877417,0.012997043,0.026676871,0.030850396,0.015823437,0.031545252,0.022335576,0.030205766,0.022525126,0.05247413,0.054916039,0.045125041,0.036964133,0.030590275,0.045927793,0.030738166,0.037159298,0.034391329,0.037073594,0.011310934,0.01374191,0.026526982,0.030737976,0.016399425,0.031362869,0.022453425,0.030061996,0.02273971,0.052008551,0.018630786,0.021921737,0.01297007,0.0226351,0.014320202,0.022625178,0.014718242,0.042300474,0.020474799,0.022297049,0.01819904,0.016021131,0.018256143,0.01662739,0.034179568,0.023745487,0.01838707,0.017891821,0.021281386,0.018044818,0.029091166,0.025056625,0.017266668,0.023799375,0.018227939,0.04332592,0.017331023,0.018924238,0.018378181,0.028006619,0.018869841,0.013903151,0.034214601,0.018077409,0.031210771,0.034338214
46,CCPL0000sy,0.015518905,0.017195337,0.01690303,0.005972756,0.018121691,0.016603343,0.031014524,0.024251105,0.02145887,0.016408771,0.029052744,0.014566447,0.016351182,0.015516003,0.016844815,0.014139098,0.031247756,0.02131018,0.018722162,0.015245772,0.028761456,0.01754801,0.017186701,0.016666753,0.015647208,0.033298265,0.019410998,0.016385699,0.01639371,0.030983262,0.016961949,0.018955737,0.017249959,0.031938829,0.022740891,0.020305812,0.015446977,0.030142628,0.018092301,0.016532786,0.030959114,0.024260884,0.021472178,0.016440962,0.028961143,0.015939033,0.027040428,0.026423046,0.024254151,0.019336497,0.025714194,0.030684518,0.022380808,0.019804658,0.016861049,0.028665379,0.046752106,0.044612247,0.032810256,0.009306292,0.010777933,0.021404577,0.044133335,0.019071372,0.042085875,0.030834204
47,CCPL0000t0,0.028562324,0.028286383,0.010318483,0.025199009,0.024365688,0.040617857,0.035797503,0.021284496,0.011898507,0.038956977,0.011898507,0.020596396,0.033069082,0.019137565,0.018152801,0.022314304,0.018381733,0.017016189,0.0353515,0.02057603,0.0353515,0.033422317,0.020269552,0.018825185,0.022245273,0.019332226,0.018395895,0.034982458,0.021789258,0.034982458,0.029579351,0.028709203,0.045598317,0.040787723,0.025902161,0.009350354,0.044117045,0.009350354,0.020366633,0.026264347,0.022424728,0.017112844,0.031520303,0.025824169,0.031520303,0.022344701,0.018654842,0.014793734,0.030822108,0.020493435,0.030822108,0.009184071,0.024280593,0.04765879,0.009565793,0.04765879,0.019958466,0.042941835,0.010636336,0.042941835,0.028175639,0.023046799,0.028175639,0.046093453,0,0.046093453
48,CCPL0000t6,0.016296681,0.045520756,0.044504415,0.014217653,0.026427733,0.035204794,0.042700693,0.023865955,0.042887744,0.023124658,0.023554279,0.036268886,0.035221267,0.02104474,0.01976376,0.025904397,0.033385161,0.015759604,0.033547491,0.017724987,0.017166592,0.007182965,0.053723413,0.03066889,0.012617114,0.008712118,0.024115195,0.007908829,0.030685103,0.030168029,0.052673087,0.029587513,0.011980797,0.00815059,0.023229839,0.007155879,0.030085184,0.029527185,0.031323057,0.042937342,0.050716475,0.030989716,0.050930589,0.028664812,0.029615318,0.021606123,0.02789337,0.015111295,0.027738424,0.017876616,0.019573538,0.010885063,0.014085817,0.010388807,0.021615351,0.02124811,0.021410195,0.004269011,0.028539054,0.027514609,0.021409795,0.01342925,0.013990008,0.028618313,0.027711736,0.017882986
49,CCPL0000t8,0.027777856,0.019053375,0.016285134,0.03029185,0.036394704,0.024567626,0.017391611,0.02029801,0.019321414,0.032269739,0.017039642,0.030178124,0.019988867,0.050939724,0.057532456,0.006356617,0.026990863,0.031804513,0.029050475,0.052624807,0.02051542,0.016142197,0.02705962,0.032553159,0.026532114,0.017760335,0.019880427,0.018009819,0.028389104,0.01689842,0.033447821,0.040088594,0.01645644,0.014798194,0.019956946,0.014465943,0.035532624,0.010977912,0.011540622,0.046998065,0.029799661,0.027444353,0.030173384,0.01155661,0.034003466,0.053510603,0.03609588,0.033551827,0.036353856,0.010177544,0.040532757,0.023592791,0.028508605,0.025778631,0.048586037,0.017012024,0.020240998,0.018758504,0.031540561,0.01522522,0.02229231,0.030024054,0.020135021,0.032638572,0.017321223,0.035818189
50,CCPL0000ta,0.013158164,0.015785541,0.023079013,0.017685605,0.033202313,0.021488326,0.014928409,0.015676035,0.028597491,0.02469,0.016632451,0.014690061,0.021596141,0.017160276,0.035474777,0.020428127,0.017004341,0.015094467,0.031173134,0.022981204,0.017636137,0.023034586,0.014681208,0.032258727,0.022230154,0.017420519,0.014384341,0.028278179,0.025098016,0.016407248,0.023431517,0.049536262,0.008755925,0.018120924,0.016555009,0.045173716,0.007863672,0.024233378,0.030696921,0.023004621,0.017183896,0.014645866,0.026973685,0.026279358,0.015874935,0.048342001,0.037809551,0.037341077,0.008407887,0.052355301,0.032102421,0.01659508,0.015963731,0.043878153,0.008694439,0.023098504,0.015584574,0.033408318,0.020427406,0.017667506,0.032952536,0.018082013,0.015212606,0.04790346,0.027791867,0.026405266
51,CCPL0000td,0.033722777,0.031165259,0.031587567,0.024192566,0.033029731,0.029612586,0.040204681,0.038552616,0.013144528,0.011176205,0.033647165,0.021817708,0.019131048,0.021158904,0.019748269,0.02213463,0.022863774,0.021435918,0.028389825,0.028106863,0.019658556,0.017016217,0.019919608,0.015694339,0.019935139,0.019826114,0.019046456,0.026636092,0.02589632,0.01709755,0.017016996,0.012872987,0.016806275,0.014776696,0.010763648,0.025409112,0.02475222,0.009224317,0.017525425,0.01863821,0.023158759,0.021382099,0.019932467,0.018610559,0.018195678,0.017636029,0.013788448,0.012938291,0.027932605,0.027062194,0.012462462,0.020922339,0.019576088,0.024388859,0.024218477,0.017614422,0.00962661,0.034584168,0.034070846,0.013241466,0.032215226,0.031739477,0.010116871,0.007568632,0.027725914,0.027152879
52,CCPL0000te,0.016299888,0.030465906,0.02307252,0.022923537,0.022094414,0.019829059,0.023549696,0.020538492,0.020967342,0.020931974,0.019685481,0.027325111,0.021995982,0.022588767,0.020565355,0.016719742,0.021227831,0.021592582,0.018258194,0.018271297,0.0167484,0.03097461,0.039380342,0.030936992,0.018822221,0.033014029,0.040009607,0.02910387,0.02925721,0.019148506,0.019484829,0.016924575,0.017924026,0.022747926,0.02149942,0.01770173,0.017602654,0.017670274,0.020836724,0.024131475,0.020107923,0.015200594,0.014296786,0.013982347,0.023802029,0.018392341,0.021693664,0.021316545,0.01911678,0.019033782,0.01812326,0.019724043,0.025010163,0.016297929,0.016378654,0.002198781,0.022081994,0.018783687,0.018789856,0.019528836,0.021724755,0.021598347,0.024661465,0.003355404,0.016110569,0.016181132
53,CCPL0000u6,0.014232863,0.012421382,0.03409104,0.017535184,0.036798164,0.038371313,0.037305672,0.037373275,0.037326016,0.030710677,0.037680708,0.012438598,0.035509799,0.018766128,0.037604302,0.039347019,0.038354091,0.038547128,0.038122345,0.031696752,0.038691506,0.037873641,0.018978646,0.040647857,0.042248707,0.041250385,0.041295104,0.041179556,0.034355886,0.041611105,0.028343938,0.012842319,0.012540092,0.011218234,0.010989089,0.012329568,0.012843327,0.011186789,0.030292967,0.032701101,0.031289477,0.032144025,0.031171747,0.024973556,0.031757209,0.012403246,0.00901728,0.013620508,0.005604643,0.012308932,0.008927717,0.011271772,0.010449071,0.012293222,0.016007056,0.011185609,0.012114803,0.008735099,0.013613661,0.002898203,0.013187361,0.015224155,0.011832178,0.012308988,0.008325767,0.013433208
54,CCPL0000u7,0.025860004,0.02903039,0.007245927,0.050492,0.05084452,0.009088366,0.017605981,0.027733738,0.049981702,0.052230973,0.043963235,0.021997496,0.024728579,0.032565165,0.033529717,0.028009078,0.017352855,0.012627885,0.032754019,0.03478552,0.026714422,0.028286383,0.029142654,0.029578628,0.031979509,0.02171771,0.022436112,0.029145703,0.030617395,0.024114216,0.049626395,0.050101835,0.006884614,0.016376138,0.026608909,0.049100179,0.051443506,0.042845886,0.008853477,0.05364294,0.038602535,0.031124437,0.008979918,0.006646588,0.009616182,0.054041654,0.0394434,0.031822879,0.008461059,0.008143342,0.012256107,0.020057339,0.029880559,0.053053841,0.055427384,0.047017116,0.019641308,0.038655531,0.040633086,0.032170791,0.030838294,0.032955933,0.025473023,0.008519745,0.011778538,0.011330704
55,CCPL0000u9,0.010273815,0.022993216,0.019507272,0.018647596,0.017515047,0.024420297,0.031953197,0.018368928,0.019377694,0.020438619,0.014917386,0.026493223,0.022580082,0.021766528,0.020895556,0.027048483,0.033896472,0.021053629,0.022939136,0.023815842,0.018609224,0.021348296,0.017101072,0.017981768,0.020553606,0.026191866,0.020988798,0.01844456,0.01777702,0.020604251,0.015451941,0.014347075,0.017898165,0.025857769,0.019455679,0.018786969,0.018346738,0.014384178,0.013703436,0.014920998,0.021727281,0.017187594,0.016178001,0.014944146,0.015375197,0.019751638,0.027607433,0.016954519,0.015457603,0.015627142,0.014036206,0.011942762,0.022730602,0.021616824,0.019078096,0.021474587,0.02977035,0.028740214,0.025404163,0.029761737,0.01863455,0.018693224,0.017348748,0.009739765,0.016877934,0.017679112
56,CCPL0000va,0.015667649,0.017830618,0.017436733,0.03364462,0.018331559,0.016455825,0.018716563,0.016014736,0.01697208,0.031105554,0.016684789,0.016902605,0.017234528,0.034031939,0.016242327,0.011556971,0.01657944,0.014909898,0.016701661,0.031337131,0.013442804,0.017185804,0.032875363,0.018772187,0.01796131,0.01845788,0.016571522,0.01737424,0.029534498,0.017525297,0.032929175,0.018949451,0.017808115,0.019242983,0.015681719,0.010962536,0.0298717,0.017164091,0.035530459,0.034417376,0.032678876,0.028928945,0.031886067,0.008141565,0.030199701,0.018190475,0.019405983,0.016274104,0.018520107,0.032446612,0.016884873,0.017070506,0.01651499,0.017066456,0.031973317,0.015104179,0.017119616,0.01846621,0.029928619,0.0166869,0.015117233,0.025781004,0.012790329,0.029263316,0.016756538,0.027241187
57,CCPL0000vb,0.02706817,0.018803339,0.016996235,0.019187352,0.017371612,0.012300628,0.016349597,0.030081527,0.016189713,0.015468519,0.013270452,0.04223891,0.036612064,0.042440128,0.039065637,0.028730566,0.035627842,0.055502128,0.039412133,0.037543535,0.030609319,0.019055856,0.016647635,0.016210683,0.021672854,0.020415513,0.019718282,0.015128997,0.016752061,0.020424379,0.017690962,0.017073158,0.019596355,0.022527188,0.025030131,0.016809041,0.017709281,0.018056998,0.016851507,0.021686478,0.02180697,0.019439707,0.015246992,0.017419847,0.021597939,0.020338707,0.02080486,0.021773299,0.015077136,0.016775524,0.0188573,0.01909153,0.032187562,0.018843019,0.018404514,0.017587295,0.029097771,0.018523514,0.018229138,0.019906349,0.020773653,0.023445839,0.029743262,0.01251929,0.019468052,0.019762632
58,CCPL0000vn,0.017605226,0.01645425,0.017969962,0.017051328,0.019217268,0.017869812,0.020484876,0.018798085,0.017248111,0.022215128,0.021458087,0.017239302,0.017125862,0.020568905,0.018561227,0.016574148,0.015901554,0.016612733,0.020384386,0.019377207,0.019518545,0.015639145,0.016197652,0.015074345,0.014074969,0.016269946,0.015607905,0.017064633,0.017768947,0.016995473,0.018186068,0.018225368,0.015636966,0.017243633,0.004877778,0.018783817,0.019977065,0.019384855,0.019200765,0.016025238,0.021336963,0.01955384,0.011083871,0.020983083,0.019527273,0.018350789,0.018447742,0.018227367,0.019351482,0.020588279,0.020003024,0.016485978,0.016107578,0.016983371,0.017730881,0.016913211,0.016692821,0.019363103,0.018759478,0.018862819,0.020009536,0.019451531,0.019097976,0.021801591,0.020111168,0.005490611
59,CCPL0000vw,0.018665262,0.029444003,0.015678637,0.013780142,0.014966886,0.013972412,0.014209141,0.0167205,0.013648356,0.014140665,0.017108461,0.013521899,0.019726634,0.020935193,0.020711275,0.014428225,0.019951774,0.016811993,0.019715728,0.02025222,0.008941708,0.028620193,0.029019764,0.028384158,0.024523923,0.027876737,0.026461489,0.02922499,0.029025979,0.015583244,0.019603997,0.019190826,0.018800015,0.019220749,0.01789777,0.017846445,0.020278482,0.018840903,0.0153961,0.018225729,0.014092825,0.020837769,0.016580714,0.016411593,0.017679764,0.019233407,0.013103326,0.021500766,0.01774586,0.018436326,0.018595422,0.018484227,0.015129174,0.017466411,0.017993916,0.014955565,0.021009481,0.016860342,0.016977865,0.017694183,0.018604446,0.020425988,0.01789326,0.016618909,0.018573327,0.018129718
60,CCPL0000vy,0.029426822,0.018578058,0.034309119,0.020348899,0.021063818,0.035375353,0.021090904,0.025510952,0.015983833,0.019658525,0.017163863,0.02976737,0.009411802,0.0356846,0.032066066,0.009536877,0.039306257,0.047890294,0.025155092,0.026753189,0.033726741,0.03450159,0.021439502,0.023392403,0.035465077,0.022543369,0.026277952,0.017131945,0.020576604,0.017214356,0.040611073,0.036211196,0.005190217,0.044124972,0.053012636,0.029755605,0.03067513,0.038552269,0.024616102,0.041605499,0.021602804,0.023161514,0.020713992,0.024270654,0.018422378,0.036795039,0.02196046,0.02734139,0.016827604,0.018622905,0.0206374,0.044934105,0.054026499,0.030418055,0.031179214,0.039527941,0.016815081,0.019797675,0.021339921,0.016165461,0.026609896,0.028540814,0.018324353,0.0110404,0.0156816,0.018503586
61,CCPL0000wt,0.017191613,0.016618423,0.01961199,0.035337444,0.015041485,0.037937641,0.016308194,0.018258076,0.014475998,0.019207962,0.018322023,0.017132334,0.024353346,0.032094739,0.01933739,0.034336302,0.018280763,0.022377597,0.018730521,0.023880044,0.020251753,0.023842311,0.030340111,0.018169098,0.032828368,0.016080333,0.022536071,0.018109951,0.023305288,0.019715209,0.048001561,0.012699708,0.050727572,0.022297325,0.013529436,0.015089924,0.005971938,0.024165893,0.041569099,0.005575945,0.032371961,0.045773566,0.039727278,0.047206137,0.035308618,0.044224501,0.017659925,0.012913446,0.011624555,0.012355968,0.020041823,0.034927215,0.048388291,0.042328078,0.049920652,0.03756129,0.021558525,0.017095296,0.021695359,0.019867394,0.014980078,0.013741952,0.023069246,0.014934297,0.018941795,0.023633486
62,CCPL0000x0,0.053789649,0.02375068,0.026355043,0.028311586,0.020248048,0.028854994,0.024419717,0.025609968,0.026823035,0.02729032,0.021177391,0.036769558,0.033751559,0.029952599,0.040483374,0.029221663,0.033687264,0.03147383,0.031318083,0.030844951,0.037141301,0.012528189,0.017183462,0.017768843,0.01738528,0.015878089,0.016936295,0.016588382,0.016792176,0.015389483,0.016322166,0.019406898,0.016410992,0.015829997,0.016183175,0.015975501,0.01612781,0.016219819,0.019417254,0.003097262,0.005072083,0.014715281,0.006404692,0.002356207,0.010609477,0.01964738,0.017243665,0.017103592,0.018525386,0.01873235,0.016588714,0.005381258,0.014611554,0.00679383,0.00341867,0.011217665,0.014325473,0.006760215,0.004296345,0.007822283,0.014413544,0.014399336,0.015391762,0.006201813,0.009029819,0.009898302
63,CCPL0000xu,0.024690164,0.031202728,0.046194974,0.008517182,0.027284874,0.026745534,0.034197979,0.0483899,0.034254216,0.030692369,0.027856221,0.01827837,0.027661227,0.025022777,0.016521884,0.01578317,0.019316029,0.029588958,0.019375591,0.017515028,0.015894404,0.023461081,0.030898705,0.018712012,0.016161565,0.01849753,0.024479905,0.018499646,0.017795375,0.015932644,0.045997139,0.026215607,0.024543442,0.022168154,0.009348181,0.02213146,0.02380163,0.023623774,0.027063319,0.026751136,0.034273978,0.048063975,0.034331962,0.030986935,0.027751878,0.016292168,0.018826179,0.027775288,0.01885746,0.018247245,0.016182777,0.01901119,0.025872847,0.019066837,0.017948389,0.005677497,0.023495005,0.002663366,0.018482581,0.018502537,0.023480305,0.025540719,0.025007179,0.018454146,0.018545141,0.017321194
64,CCPL0000y4,0.021169461,0.020956168,0.012903817,0.016031215,0.018998196,0.008969761,0.017690824,0.013579736,0.018961219,0.046416745,0.013206329,0.01773409,0.019708466,0.022991367,0.016551219,0.023367574,0.01888955,0.028687945,0.019868689,0.03307458,0.021095492,0.018943399,0.023411334,0.017307019,0.022699276,0.017761763,0.028245827,0.019448146,0.032310501,0.020819845,0.017955568,0.017725298,0.013821687,0.017382333,0.018176628,0.018366734,0.042538095,0.015007283,0.019599853,0.018302461,0.020628344,0.022606725,0.022204606,0.044441897,0.01901222,0.021292411,0.017275488,0.027028615,0.019897193,0.033232879,0.019202797,0.01904314,0.010255,0.020158431,0.049630594,0.013419523,0.024303786,0.019365342,0.038184658,0.018315025,0.024403358,0.055428714,0.017436616,0.039597571,0.019178865,0.044375423
65,CCPL0000yp,0.013848024,0.018956518,0.019149298,0.020543007,0.019149298,0.04487795,0.019735526,0.019900415,0.017603219,0.019516475,0.01750881,0.01863532,0.019193789,0.01960019,0.019193789,0.047394048,0.0203516,0.020604327,0.018366225,0.019820696,0.018089695,0.016469708,0.0204827,0.016469708,0.034979902,0.016271112,0.018500868,0.015579466,0.016833238,0.017802713,0.021692522,0,0.037250828,0.017728101,0.019794093,0.016765093,0.016398348,0.017889623,0.021692522,0.042639494,0.020708004,0.02024539,0.020416738,0.020643542,0.020491026,0.037250828,0.017728101,0.019794093,0.016765093,0.016398348,0.017889623,0.034831893,0.037246343,0.035629101,0.036369853,0.039051257,0.016468376,0.015683969,0.01696069,0.017574795,0.016112678,0.018509332,0.016221449,0.016941832,0.015567016,0.018081753
66,CCPL0000zh,0.022347912,0.049054634,0.029391976,0.029195221,0.030433485,0.028164038,0.027635321,0.019518569,0.045926798,0.03419714,0.050395966,0.031265095,0.018148523,0.018200604,0.01786191,0.01662587,0.017183237,0.012739449,0.029472152,0.021665677,0.032570355,0.02633368,0.026531212,0.028339738,0.028330756,0.029394751,0.033340104,0.015506565,0.025719663,0.005478588,0.01685128,0.020388005,0.01853757,0.018099669,0.017973606,0.023762271,0.017593708,0.027557403,0.021005884,0.01748934,0.020346386,0.018512513,0.025255887,0.020080075,0.027579008,0.019824162,0.01828563,0.018699292,0.026351793,0.0229769,0.029261971,0.01943668,0.017593719,0.026531003,0.020522172,0.029514471,0.016761012,0.027197061,0.022070782,0.030496852,0.031003021,0.021938181,0.034617431,0.017913071,0.014932553,0.026193013
67,CCPL0000zj,0.022518938,0.020401718,0.045410763,0.042307526,0.017381214,0.021801746,0.024550147,0.01441946,0.014151674,0.014970084,0.020292806,0.018465441,0.034387898,0.03220281,0.020787304,0.006020162,0.02118825,0.024618313,0.022424303,0.026653847,0.019488491,0.032206774,0.029741516,0.019394053,0.018597208,0.019099468,0.023630491,0.020787893,0.025147527,0.017897915,0.009066968,0.041439917,0.035312634,0.028712468,0.049627054,0.046609264,0.052831817,0.035685375,0.039071769,0.032952294,0.02545283,0.047047928,0.043974731,0.050095424,0.03353332,0.020464094,0.02367436,0.018156305,0.01749994,0.018674791,0.017294567,0.021402782,0.023888104,0.021721719,0.025864685,0.019400429,0.029251546,0.026704891,0.031385481,0.020372847,0.007516561,0.010494743,0.021804361,0.011828612,0.020311294,0.02354718
68,CCPL0000zq,0.036074836,0.013621672,0.049983863,0.047183622,0.054783244,0.05684768,0.035058253,0.00805064,0.032500766,0.033170462,0.030721949,0.028661797,0.02524505,0.019561043,0.024770634,0.027811075,0.015557463,0.030853512,0.016992046,0.016259873,0.014893715,0.041382719,0.039376371,0.046013612,0.047797341,0.027195387,0.00964623,0.025232056,0.025618471,0.023510365,0.018561494,0.016459169,0.018401176,0.023686239,0.044265181,0.024545314,0.023756174,0.024646552,0.012976867,0.017045971,0.019433228,0.041538738,0.020139087,0.020154044,0.020801077,0.008515563,0.024184348,0.048842039,0.026328603,0.02546908,0.026796097,0.026702767,0.050850004,0.028805712,0.028012967,0.029563496,0.02961006,0.014874981,0.014624839,0.013926792,0.027173348,0.027806466,0.025392404,0.014526431,0.013210942,0.013409878
69,CCPL0000zz,0.026480472,0.0109534,0.01322297,0.016950222,0.017922254,0.017545946,0.017722871,0.011307254,0.015222843,0.018972615,0.01650171,0.029869674,0.035193678,0.038172539,0.03719401,0.035626974,0.032783531,0.026529333,0.033222459,0.040098835,0.03184301,0.014612383,0.018159345,0.018528052,0.018291941,0.019219426,0.013453108,0.016933344,0.019243188,0.01859021,0.014767324,0.016872013,0.017154092,0.019746998,0.015545358,0.017062606,0.015066055,0.01873385,0.018191369,0.018871829,0.021015609,0.019699194,0.017800117,0.016313704,0.020598914,0.01300875,0.021099864,0.018273758,0.018020224,0.016863845,0.022494411,0.020591678,0.017216815,0.01849735,0.018288909,0.022590274,0.018028757,0.019560574,0.022538088,0.022946095,0.017160956,0.020639488,0.019424295,0.018280428,0.020777695,0.022622228
70,CCPL00010b,0.023475537,0.034989867,0.019308427,0.025161019,0.019308427,0.02481932,0.014455738,0.013114135,0.023821628,0.014297773,0.032552417,0.055663031,0.037783314,0.00948062,0.037783314,0.008656832,0.028093496,0.025872013,0.008026546,0.031147053,0.053133655,0.023357749,0.057363216,0.023357749,0.056953777,0.032157745,0.034032468,0.056048006,0.028892951,0.007835355,0.039357357,0,0.038723942,0.018982006,0.019535212,0.037967201,0.014644383,0.021626582,0.039357357,0.007813962,0.029410714,0.027542988,0.007954828,0.032842238,0.054858249,0.038723942,0.018982006,0.019535212,0.037967201,0.014644383,0.021626582,0.02952235,0.027522868,0.006138146,0.032322481,0.054447848,0.011450972,0.028687367,0.015893104,0.030135924,0.026624134,0.015911017,0.031891495,0.031399015,0.053455848,0.026668603
71,CCPL00010x,0.023847988,0.029820442,0.023833843,0.024835223,0.024545545,0.024738504,0.02165308,0.02165308,0.021358734,0.02416634,0.022349419,0.022728501,0.018650254,0.017148798,0.015246857,0.017141277,0.018787719,0.018787719,0.013659974,0.014840896,0.014253112,0.012476866,0.025355363,0.020740213,0.02658741,0.030759985,0.030759985,0.018432302,0.019264553,0.019354301,0.021617396,0.016963171,0.022821575,0.025737667,0.025737667,0.01546143,0.016423233,0.015904946,0.016291846,0.007798876,0.018654305,0.018654305,0.016010799,0.017438183,0.017113732,0.016645359,0.020871555,0.020871555,0.013192405,0.01478196,0.014770523,0.017776428,0.017776428,0.015955243,0.017460847,0.017293185,0,0.01769436,0.018684248,0.018365208,0.01769436,0.018684248,0.018365208,0.01153253,0.011535903,0.013091959
72,CCPL000116,0.029541915,0.018122431,0.016975444,0.016240535,0.016084127,0.017170614,0.015007143,0.02368086,0.017757464,0.014520419,0.013664442,0.020241931,0.023050191,0.020736519,0.024355955,0.024704076,0.025613651,0.020785498,0.024092188,0.024793917,0.026311077,0.018131869,0.014589311,0.017455183,0.016941857,0.015912432,0.021589449,0.018319679,0.016652199,0.01733844,0.016426811,0.013002667,0.017399786,0.017962847,0.019652227,0.016395384,0.015327535,0.013063733,0.016093006,0.016590927,0.015030835,0.018637061,0.016459186,0.015100078,0.016626606,0.016482823,0.01671971,0.020000683,0.015683457,0.014331312,0.01248036,0.017580241,0.020532282,0.017768823,0.016069546,0.016202265,0.023411334,0.019597208,0.016804418,0.016921682,0.016227666,0.017995318,0.020797323,0.012621869,0.014559916,0.013901282
73,CCPL000117,0.016312629,0.016377272,0.011640605,0.012004769,0.013685853,0.012453969,0.011470652,0.014825958,0.01180124,0.028686205,0.01180124,0.00216284,0.02048311,0.017338613,0.022537095,0.020284012,0.020261658,0.019822543,0.020654088,0.038361236,0.020654088,0.020650588,0.017378274,0.022727782,0.020319367,0.020427808,0.019827722,0.020814484,0.038622819,0.020814484,0.015920304,0.004337001,0.016100347,0.001808098,0.018404435,0.002841268,0.022749996,0.002841268,0.017754674,0.015765809,0.015770881,0.017320406,0.015998138,0.031814165,0.015998138,0.017760031,0.004523943,0.020025223,0.00474522,0.020423548,0.00474522,0.01596676,0.017725343,0.016047636,0.031206392,0.016047636,0.018218584,0.002874991,0.022989785,0.002874991,0.018430002,0.033968195,0.018430002,0.022897622,0,0.022897622
74,CCPL00011a,0.013573344,0.017089466,0.015847845,0.014383162,0.010649429,0.01567651,0.015037987,0.017252257,0.025014758,0.015319387,0.017155655,0.017982282,0.017418632,0.014187756,0.010977539,0.014995791,0.015286391,0.018394571,0.024323327,0.014621695,0.01816028,0.019006753,0.017690899,0.016298242,0.01882102,0.016617151,0.019932572,0.032402337,0.017827677,0.016449535,0.019321401,0.014436441,0.015577224,0.019078121,0.01440001,0.027940681,0.01906338,0.017316585,0.013100837,0.017032025,0.010990935,0.020800872,0.026301017,0.014539759,0.01747472,0.012253416,0.013469298,0.015380521,0.022798022,0.013441528,0.015636234,0.016274298,0.016324652,0.026272913,0.017210135,0.016606124,0.020317551,0.028905703,0.015152941,0.015916202,0.029761873,0.020114256,0.018078493,0.027414801,0.034663316,0.017669354
75,CCPL00011i,0.030853285,0.023621565,0.019117907,0.020644503,0.016614405,0.019013004,0.019775474,0.020772472,0.019777294,0.019843461,0.021374645,0.01348378,0.031197941,0.029328892,0.034098931,0.031249724,0.027745361,0.027050206,0.027669029,0.027532646,0.025686512,0.024341365,0.021504344,0.025073918,0.023573374,0.019340666,0.018632332,0.019222088,0.019317755,0.01781017,0.019564204,0.01752937,0.017650083,0.019140685,0.019555125,0.018923273,0.018932462,0.021090349,0.01752831,0.017243151,0.008796929,0.009947953,0.009666229,0.010309098,0.011404467,0.015253416,0.016765103,0.01775609,0.016791765,0.017116483,0.019032069,0.016902525,0.017808,0.017019302,0.017003262,0.018506488,0.006751013,0.006334462,0.007557977,0.008398936,0.007023267,0.008067134,0.008119312,0.00613277,0.007694951,0.006938899
76,CCPL00011j,0.025212714,0.030308181,0.0570627,0.026216054,0.02558963,0.027820872,0.027292943,0.030454999,0.030936142,0.025070393,0.030065985,0.018243272,0.037362378,0.017620465,0.016711358,0.0175856,0.015937665,0.018131616,0.019490032,0.01688258,0.018224467,0.033759415,0.019185605,0.019485522,0.019042471,0.019537309,0.017959297,0.019263662,0.020241033,0.019173153,0.036846619,0.037790734,0.035352252,0.037027787,0.031937391,0.033095915,0.039035503,0.033712681,0.012658087,0.005349791,0.016871875,0.018727038,0.011672522,0.011847141,0.01106036,0.012949087,0.017885456,0.018706396,0.01628688,0.007528546,0.015316966,0.016507056,0.018747054,0.011015904,0.01167653,0.01097526,0.019181641,0.017587202,0.017613014,0.018191028,0.018958108,0.020094516,0.018695438,0.015858587,0.012936916,0.01527268
77,CCPL00012d,0.018496672,0.016942184,0.019515237,0.022430351,0.022277772,0.017567286,0.03294351,0.02256426,0.019476779,0.02036651,0.02036651,0.017861599,0.020675192,0.019102825,0.027123272,0.020854695,0.025682406,0.027126955,0.024670901,0.016676633,0.016676633,0.017122647,0.019851739,0.023086945,0.01402202,0.028447025,0.023160987,0.020306485,0.01726751,0.01726751,0.021055689,0.021537403,0.018222492,0.033313002,0.021925859,0.019241873,0.020556018,0.020556018,0.025401423,0.021577058,0.031722147,0.025327705,0.024349928,0.019689033,0.019689033,0.021039583,0.046337355,0.010312129,0.007763012,0.026816061,0.026816061,0.033147436,0.02064877,0.018194105,0.020950684,0.020950684,0.046473574,0.043646947,0.02412921,0.02412921,0.009798263,0.029175857,0.029175857,0.026700452,0.026700452,0
78,CCPL00012f,0.018447025,0.015959144,0.017561005,0.014895409,0.018071873,0.012471196,0.015763579,0.018028701,0.017122524,0.012454019,0.01232412,0.020941228,0.010732082,0.017567871,0.025620794,0.013707793,0.020245882,0.025647892,0.022041619,0.013418523,0.013883254,0.020034175,0.018409224,0.021185152,0.016577581,0.019135453,0.020993054,0.02056054,0.01679215,0.016418127,0.01773721,0.02423715,0.012424194,0.020219319,0.024260245,0.02125668,0.012285068,0.012716085,0.021148803,0.014341708,0.013419659,0.021249628,0.020493301,0.014187571,0.014289004,0.018990735,0.02101413,0.004018239,0.012594911,0.019192113,0.01885538,0.016657645,0.018903093,0.017709497,0.003236916,0.002084322,0.021134695,0.020870084,0.016482826,0.016556729,0.012479995,0.019133303,0.018771218,0.017490618,0.017702721,0.003316721
79,CCPL000134,0.020823382,0.017612226,0.018094394,0.023165768,0.024339475,0.022929624,0.021745836,0.021396121,0.019558853,0.026066912,0.023907324,0.015375149,0.016136806,0.021704592,0.022549815,0.02456517,0.022079796,0.022822214,0.019908657,0.028758056,0.018344665,0.011914277,0.018100858,0.019067718,0.019159278,0.017589057,0.017281916,0.014494042,0.020911163,0.018998863,0.017888803,0.018002417,0.017297642,0.016421799,0.016178656,0.014267378,0.021990685,0.019814605,0.018709134,0.020908719,0.018845577,0.01879427,0.017170904,0.027833706,0.022185823,0.021400651,0.018547062,0.018173823,0.016335165,0.029486343,0.022047535,0.017506368,0.01706099,0.017497739,0.027945144,0.024655601,0.009661519,0.014575412,0.027711069,0.022358304,0.013567905,0.026738008,0.023240173,0.025516719,0.020521371,0.032972287
80,CCPL00013y,0.054442447,0.028787116,0.050080821,0.053918254,0.035287924,0.048434064,0.039125536,0.027467338,0.009965703,0.010503262,0.006976975,0.029743211,0.011470124,0.008613618,0.025787169,0.012620377,0.022039747,0.030407799,0.0494969,0.045700062,0.054107666,0.026473483,0.029306298,0.017629039,0.024462992,0.019270495,0.013354474,0.025009058,0.021197705,0.02895911,0.010339633,0.022576829,0.013324053,0.020008711,0.026681669,0.044826884,0.041278936,0.049630564,0.025431573,0.013311476,0.02171465,0.02997645,0.048680302,0.045064848,0.053569555,0.02190881,0.019263869,0.016317476,0.03066816,0.027305925,0.035530359,0.018912863,0.024964601,0.043680977,0.039831713,0.048172157,0.020389546,0.034819439,0.030781858,0.038827784,0.023184009,0.018507136,0.027716534,0.00821982,0.010101652,0.011607759
81,CCPL000144,0.02585925,0.006652003,0.034369871,0.03077659,0.027606441,0.031502079,0.043384742,0.02791,0.032846298,0.029868245,0.033512689,0.026177982,0.018635767,0.015810786,0.014668714,0.01777068,0.022262646,0.014777459,0.016272165,0.017071228,0.015895346,0.034626134,0.031119863,0.027803423,0.031877585,0.043713514,0.028158797,0.033123229,0.030187106,0.03386946,0.018568583,0.019465938,0.02092994,0.019805497,0.019737951,0.01783132,0.021062717,0.017736748,0.017365977,0.020646619,0.020897014,0.018046232,0.017621579,0.019110532,0.016844081,0.019209562,0.023108415,0.016684202,0.01752403,0.019182429,0.016831458,0.021836137,0.018163808,0.017477229,0.01844959,0.018340157,0.021790402,0.017736498,0.022171432,0.016910639,0.017132854,0.016639616,0.017739801,0.017596059,0.015511031,0.019130006
82,CCPL00014c,0.016771249,0.017308114,0.014449998,0.019575961,0.023649424,0.017780256,0.023293128,0.016702693,0.019934013,0.019708883,0.017928861,0.016217215,0.016523158,0.020434195,0.022006392,0.020282563,0.025955657,0.018866105,0.01967961,0.018957946,0.017789992,0.016333841,0.018178869,0.021924635,0.0221311,0.029472983,0.02083211,0.018193025,0.0175929,0.017349796,0.019598233,0.020587126,0.015965506,0.021959044,0.015443587,0.018143563,0.018340157,0.017237019,0.025531886,0.021980971,0.027046533,0.02119731,0.021031493,0.021183243,0.019764422,0.020847717,0.025235405,0.021881754,0.021701353,0.02204401,0.023661697,0.015227393,0.013877328,0.018459912,0.020846656,0.018706316,0.01658966,0.024958046,0.026356451,0.024289139,0.018800294,0.020051677,0.018663473,0.01837487,0.019180046,0.01999468
83,CCPL00014i,0.023057481,0.04895879,0.029165136,0.011453994,0.029054323,0.027445065,0.024660422,0.027445065,0.030994982,0.036382899,0.012605608,0.029322207,0.01674634,0.023989553,0.01887396,0.017184094,0.014428358,0.017184094,0.019384108,0.018964391,0.03110365,0.027337434,0.04816933,0.02966932,0.029578773,0.029542534,0.029578773,0.027066505,0.016718911,0.056918249,0.029953131,0.016911235,0.020107044,0.018138191,0.020107044,0.02065184,0.018868992,0.037454411,0.029612472,0.028152207,0.025739616,0.028152207,0.029804194,0.035892818,0.011932795,0.020003449,0.015504078,0.020003449,0.019327743,0.020666229,0.036203194,0.014303417,0,0.020436281,0.019595105,0.034548741,0.014303417,0.016335417,0.018402398,0.031788364,0.020436281,0.019595105,0.034548741,0.018987641,0.03725763,0.044183422
84,CCPL000151,0.025374316,0.019301172,0.013731924,0.018294586,0.015948711,0.026707567,0.020042736,0.035537913,0.017754961,0.024020927,0.014708863,0.02525364,0.022727309,0.023732195,0.026996018,0.011149726,0.017590676,0.053780224,0.019869968,0.006890442,0.026669262,0.018119199,0.01870165,0.018989019,0.027260484,0.021172618,0.036715109,0.019384755,0.024327958,0.017054072,0.01622944,0.014923349,0.02416235,0.017040148,0.035844132,0.014372979,0.021361617,0.013461847,0.016500453,0.028253669,0.020191632,0.034776516,0.017354948,0.023371905,0.014778535,0.02927644,0.020671807,0.032007631,0.018522115,0.025559381,0.01411485,0.019311994,0.056375474,0.022263208,0.012258175,0.029013177,0.044336211,0.016528666,0.016592586,0.02022011,0.040873293,0.051973674,0.031574491,0.018937981,0.016376788,0.025330171
85,CCPL00015a,0.032223564,0.017719664,0.021180058,0.019775715,0.019755857,0.01874833,0.033432968,0.021525448,0.018858248,0.026408302,0.018919904,0.035965733,0.037217576,0.026919132,0.027164593,0.031900112,0.008115573,0.03296911,0.032282684,0.04986437,0.033635933,0.015936546,0.016951699,0.016837763,0.017381182,0.037759531,0.016257247,0.017193276,0.018892873,0.016740739,0.01875467,0.018582402,0.018566675,0.039015077,0.018007249,0.020304078,0.018594114,0.01971722,0.003555065,0.017575135,0.02865353,0.015539755,0.018450275,0.0276227,0.018901378,0.01754058,0.028896572,0.015448128,0.018375643,0.027379943,0.018784689,0.033789463,0.019548438,0.019371873,0.025494808,0.019225115,0.034910563,0.033789255,0.051708758,0.035129353,0.019351289,0.023957724,0.019382626,0.025926709,0.007911789,0.02485192
86,CCPL00015k,0.016661512,0.017691877,0.020933235,0.018788388,0.01909622,0.017249247,0.016028548,0.019977713,0.016297786,0.018164892,0.017502053,0.015013834,0.02068859,0.017749367,0.02475897,0.018150041,0.010707959,0.025643235,0.010824901,0.016350765,0.022731161,0.017704517,0.013443465,0.026415003,0.019827383,0.014479876,0.027149506,0.014280155,0.016604872,0.024008723,0.013771866,0.027933231,0.023514867,0.019510472,0.028638156,0.019329712,0.02135461,0.026045993,0.027558828,0.021537021,0.016319055,0.028568685,0.016029673,0.017797176,0.025315404,0.019147862,0.025310675,0.008122197,0.025787985,0.027201897,0.006608514,0.017981132,0.019921208,0.018271573,0.021254124,0.018395545,0.026343664,0.00305288,0.014043265,0.023060048,0.026831927,0.028243011,0.010161683,0.014011946,0.023508847,0.024475655
87,CCPL00015r,0.018512011,0.016950125,0.033264045,0.017674232,0.028674439,0.016538192,0.018551795,0.021651139,0.017620103,0.018240774,0.016133895,0.015982883,0.025297621,0.015968611,0.021385616,0.023654172,0.016424306,0.029677046,0.015633844,0.015198826,0.015396618,0.02625818,0.01715515,0.020717334,0.020952003,0.015614331,0.028390417,0.014609297,0.016101763,0.013384416,0.025077293,0.01242422,0.04012474,0.025406798,0.047459077,0.023066303,0.022571543,0.02639777,0.022725498,0.021663899,0.014908332,0.026846522,0.014349308,0.007184327,0.015216784,0.035317864,0.021789214,0.043390546,0.019709876,0.01981191,0.021609006,0.022048406,0.014874514,0.022091342,0.023147011,0.019505141,0.028033597,0.015339808,0.01484551,0.014753337,0.029109603,0.02924093,0.026531531,0.013700836,0.013792358,0.014380693
88,CCPL00015x,0.020761892,0.014683192,0.022366745,0.019719062,0.020302046,0.020376125,0.027815135,0.02196761,0.022991367,0.01936733,0.01875977,0.02043272,0.024180392,0.024179051,0.018652406,0.023430983,0.029275766,0.026921341,0.028221464,0.022345325,0.020157905,0.017817643,0.015347573,0.016181344,0.016755035,0.027736247,0.01565494,0.016988056,0.01244693,0.015793648,0.01905746,0.015044135,0.024776237,0.039418403,0.018557521,0.019798767,0.014526884,0.019182082,0.019119993,0.021954693,0.03291963,0.01909776,0.019963788,0.017050717,0.019428423,0.019767091,0.035725512,0.019315435,0.020610545,0.014098181,0.018527493,0.03172116,0.021129647,0.021512249,0.019497966,0.022970729,0.036922373,0.038459443,0.035818189,0.027331857,0.009139796,0.015780112,0.022351841,0.016512152,0.024085715,0.019075094
89,CCPL000180,0.023530288,0.022189194,0.015381354,0.018310601,0.018347137,0.01902174,0.018481538,0.018399891,0.018463498,0.018293293,0.018803561,0.025777364,0.023482675,0.017280798,0.022371858,0.021536315,0.02282048,0.021701226,0.020517791,0.021141076,0.023331298,0.017171191,0.023267573,0.020903543,0.024590293,0.020897217,0.021635642,0.023373455,0.02260861,0.019498611,0.017833114,0.018109646,0.019539615,0.018277066,0.018400634,0.018654907,0.018381026,0.018076584,0.018398304,0.017815825,0.018770112,0.018040206,0.016666401,0.01717091,0.019508393,0.019165333,0.009819771,0.005736514,0.00896378,0.007575862,0.009299905,0.019055327,0.018812781,0.018513262,0.0184837,0.019821279,0.009875433,0.010773148,0.009921264,0.006059592,0.008401775,0.00707735,0.009058698,0.003999045,0.011735846,0.010672529
90,CCPL00018a,0.022492453,0.01448686,0.0155214,0.030025914,0.0108768,0.013772902,0.019059155,0.032062646,0.010804291,0.025324315,0.012821014,0.023078101,0.025543852,0.04847439,0.019677909,0.025531478,0.007819517,0.050666973,0.020237202,0.043777626,0.023714112,0.016468253,0.032072689,0.013452358,0.016311958,0.019723482,0.034124237,0.013441749,0.027283879,0.015502409,0.032089334,0.014658462,0.017396698,0.022681162,0.033507407,0.014523634,0.02693742,0.016634185,0.031551834,0.026906172,0.044330735,0.0066453,0.031968478,0.008649265,0.029112019,0.012481916,0.016369415,0.033507854,0.009210523,0.026583448,0.011545454,0.021803863,0.029178485,0.013625446,0.022362396,0.012995553,0.046683934,0.017151581,0.039697856,0.020058841,0.033866197,0.010269137,0.031251963,0.026924094,0.012497517,0.024264084
91,CCPL0001b5,0.01742442,0.016112262,0.016689779,0.021892836,0.032683671,0.017353468,0.019951208,0.017418636,0.022346662,0.023799857,0.021853896,0.021584257,0.021782612,0.020205263,0.028192041,0.018925019,0.019997943,0.01672806,0.021638133,0.021963134,0.020807402,0.010926761,0.024050198,0.039609268,0.020785388,0.022321083,0.023050072,0.02543997,0.02425424,0.023750359,0.024758084,0.039343879,0.021114962,0.023501784,0.023957068,0.026676044,0.02575154,0.025345942,0.026203981,0.021257289,0.019503731,0.017734297,0.020221148,0.019674391,0.018791551,0.028997982,0.029507702,0.024741886,0.028348541,0.029127622,0.027523814,0.020106105,0.018333929,0.021809934,0.022800656,0.023030601,0.016129749,0.006637741,0.018872824,0.018559566,0.016389556,0.016703296,0.012690049,0.019100258,0.018438283,0.015485901
92,CCPL0001d1,0.020258177,0.045205835,0.036820866,0.023194438,0.017775862,0.019294035,0.019789038,0.026257696,0.024052948,0.019620091,0.023316676,0.031885799,0.024983509,0.014556694,0.011327662,0.015100613,0.019128134,0.01990189,0.01609025,0.013920881,0.020100828,0.011300042,0.029446432,0.034143593,0.031105673,0.034659736,0.025353616,0.03015659,0.031639051,0.032218177,0.023142152,0.026798673,0.023812035,0.027230659,0.01840644,0.02362589,0.02414264,0.025818363,0.014858576,0.015932998,0.018897226,0.020513909,0.01402318,0.015320336,0.018860659,0.014649206,0.018675387,0.019719003,0.016357144,0.014190833,0.019914821,0.016870122,0.01659292,0.017213276,0.014194568,0.018525638,0.020594014,0.019935021,0.017273802,0.012752734,0.021018609,0.018557882,0.021371379,0.015930049,0.020614823,0.01879004
93,CCPL0001d3,0.01884992,0.019781614,0.039311465,0.017790822,0.021188138,0.022020454,0.01776351,0.01776351,0.015193242,0.017790822,0.022982562,0.020544467,0.037747901,0.020782214,0.024218997,0.025417231,0.02159398,0.02159398,0.016484428,0.020782214,0.026893964,0.031592172,0.020519121,0.02671217,0.018874424,0.021039212,0.021039212,0.016806459,0.020519121,0.028810116,0.043525223,0.052455295,0.038931713,0.044402737,0.044402737,0.035347037,0.043525223,0.055699494,0.018488916,0.022451274,0.007213012,0.007213012,0.018979272,0,0.017400671,0.026266007,0.017662467,0.017662467,0.023541624,0.018488916,0.010430974,0.022577485,0.022577485,0.02172686,0.022451274,0.027317489,0,0.019675182,0.007213012,0.016564662,0.019675182,0.007213012,0.016564662,0.018979272,0.026056523,0.017400671
94,CCPL0001dt,0.018874077,0.034617044,0.020681053,0.024975678,0.019885082,0.021768617,0.019628538,0.026311086,0.020467836,0.019382562,0.016590819,0.036315475,0.01666279,0.021882571,0.020101221,0.022063605,0.020405792,0.023846114,0.020966252,0.020077948,0.015974002,0.034466278,0.050933909,0.030123776,0.032757822,0.035834841,0.052501429,0.031403955,0.031531986,0.029573089,0.023744414,0.020157663,0.021475455,0.020350257,0.025193857,0.019353975,0.020126808,0.016563987,0.027434913,0.027479937,0.02440658,0.00788662,0.027302856,0.02762573,0.024328487,0.017493032,0.019246737,0.029320503,0.01744194,0.017743219,0.014443476,0.021296307,0.029111246,0.020133983,0.01426958,0.014093932,0.025965756,0.020608818,0.020266604,0.017708125,0.028736034,0.029009722,0.025926625,0.018949743,0.016110908,0.014460139
95,CCPL0001e5,0.018665764,0.02861741,0.015293479,0.019826945,0.018004199,0.020189367,0.025761405,0.010798748,0.020462494,0.020152282,0.022334201,0.024446325,0.013547362,0.020414205,0.015113831,0.015544712,0.02898219,0.016684728,0.019570636,0.017222283,0.020554429,0.02268053,0.031712819,0.027130259,0.026837563,0.047011781,0.025438929,0.032244623,0.026209891,0.029056808,0.016968777,0.009621994,0.015388191,0.026919672,0.013585988,0.017503401,0.013334506,0.018532831,0.018074788,0.021201974,0.022867048,0.019376934,0.019483371,0.019455358,0.020351857,0.015511041,0.025458535,0.016422831,0.017488744,0.013689813,0.01988581,0.028267516,0.017720345,0.020083072,0.016589487,0.021736791,0.027521759,0.024053214,0.027636955,0.028512323,0.02034888,0.019008972,0.021602964,0.018517558,0.020315409,0.018880254
96,CCPL0001fc,0.034978837,0.01936771,0.016361577,0.018032648,0.016566332,0.020658674,0.018723417,0.019499287,0.020683726,0.019198002,0.020509344,0.031307362,0.028963992,0.036176261,0.040805731,0.034251835,0.02726919,0.031856563,0.034568716,0.028372834,0.028694117,0.018361825,0.020965444,0.021542832,0.019792538,0.020467704,0.020702766,0.020603841,0.018703926,0.021739731,0.018204017,0.019095307,0.019276829,0.017089672,0.017289948,0.019702289,0.016206812,0.017634762,0.016917773,0.022167059,0.021570927,0.019220864,0.02102848,0.019984296,0.020888766,0.02104342,0.023289293,0.020320872,0.021491321,0.020840222,0.022450127,0.024399227,0.021334132,0.024238342,0.018970318,0.02348263,0.020949766,0.019846413,0.019828411,0.018413119,0.0218058,0.018564222,0.019954918,0.021456381,0.021694029,0.019973697
97,CCPL0001fp,0.026575809,0.049774844,0.049263254,0.031432785,0.025592906,0.020645827,0.029450713,0.03007059,0.030439517,0.032310434,0.031432785,0.030987417,0.030859629,0.022670126,0.016461806,0.015750816,0.023346759,0.022178361,0.019471776,0.02244099,0.022670126,0.00716386,0.027092027,0.026941285,0.0362509,0.028833808,0.026927521,0.024422595,0.026918432,0.027092027,0.026967952,0.026444912,0.035924215,0.028533874,0.026832819,0.02423702,0.026946934,0.026967952,0.01629325,0.023870528,0.020505294,0.02003406,0.018892091,0.020616109,0,0.016841779,0.017696401,0.017017411,0.015280117,0.018485118,0.01629325,0.023810213,0.023407219,0.021881038,0.025003189,0.023870528,0.015614125,0.016132608,0.01868641,0.020505294,0.009486533,0.01581783,0.02003406,0.014964604,0.018892091,0.020616109
98,CCPL0001fy,0.019574031,0.01869159,0.024037013,0.021151751,0.019776441,0.020401604,0.026438452,0.02357805,0.021974452,0.022100739,0.019893151,0.019359929,0.030467018,0.021701852,0.023106506,0.020531451,0.033569589,0.020678004,0.023350066,0.021873081,0.018122764,0.030865811,0.020932687,0.020102564,0.020479625,0.033442434,0.019791976,0.021247244,0.021539383,0.017901737,0.031264152,0.029915668,0.029442379,0.008646576,0.038397901,0.032764245,0.031839482,0.031852804,0.017991632,0.012134274,0.033521995,0.023201406,0.017568205,0.020425724,0.022037586,0.019532725,0.031600703,0.024961134,0.01527032,0.019837594,0.02240219,0.032015588,0.022764131,0.019655358,0.021210082,0.020967878,0.04064041,0.034454998,0.034008209,0.034366023,0.02475675,0.024097167,0.017540554,0.019109081,0.023088465,0.021831481
99,CCPL0001g1,0.01567848,0.037179098,0.018224757,0.034575436,0.03917427,0.019521156,0.019252768,0.014076048,0.018366884,0.018443733,0.022496939,0.031464823,0.018729182,0.029059222,0.033662852,0.015463706,0.017701253,0.015165913,0.018225392,0.015908994,0.019416507,0.034069937,0.010863786,0.008105883,0.022796281,0.029172124,0.034208611,0.033297315,0.02709358,0.02727489,0.031123012,0.035694703,0.019424688,0.020664783,0.018197197,0.00928764,0.017434077,0.021428077,0.01158369,0.020802097,0.026760899,0.031600296,0.030169627,0.024203042,0.02376383,0.024548041,0.031412885,0.035832975,0.034969427,0.029000729,0.027853392,0.016318489,0.015824415,0.0189707,0.010928705,0.015284243,0.017758677,0.020509895,0.017078219,0.019543275,0.018645314,0.016872726,0.016677387,0.016315512,0.021309016,0.018107591
100,CCPL0001g5,0.047387581,0.029464921,0.02613459,0.024176337,0.007808641,0.028996771,0.025955664,0.024382686,0.053981919,0.031371038,0.028025525,0.022936122,0.025675694,0.02714265,0.046428561,0.026764302,0.026949199,0.027632659,0.011809709,0.020122508,0.028096905,0.013854324,0.012994147,0.028760761,0.016651193,0.014846033,0.014576583,0.028447127,0.012474075,0.016194703,0.012690553,0.025582707,0.016954703,0.01353727,0.009655713,0.031715319,0.013874895,0.015829775,0.023093993,0.015632294,0.013145129,0.012776696,0.032692607,0.013090338,0.015841058,0.02827323,0.025137676,0.023858195,0.052814472,0.030214636,0.027752219,0.017718084,0.017367544,0.031975538,0.016342131,0.019219769,0.013686155,0.032482293,0.01493891,0.015491679,0.033686787,0.015019926,0.015280422,0.025239279,0.033265818,0.017314
101,CCPL0001g6,0.014197323,0.013898971,0.01870827,0.016767433,0.016863903,0.0165272,0.0156108,0.029080467,0.018634381,0.018756544,0.029044976,0.015141469,0.020901734,0.017386027,0.017260317,0.016953256,0.017119687,0.02580067,0.018953256,0.019040177,0.027750401,0.017550912,0.016592793,0.015686961,0.015738847,0.014252152,0.030642012,0.017928559,0.017807217,0.031640198,0.018835003,0.021848107,0.021981435,0.020502551,0.030603657,0.022833528,0.022946013,0.030344566,0.019712307,0.019721562,0.018399462,0.029525883,0.020664373,0.020731037,0.030228898,0.013483019,0.016101493,0.032550652,0.016780401,0.01641397,0.034346431,0.01643165,0.0317032,0.015893603,0.015525649,0.033351403,0.035794914,0.017940564,0.017603014,0.036952034,0.033569597,0.03395668,0.009946949,0.005307231,0.035192117,0.035636142
102,CCPL0001gm,0.016908757,0.015767558,0.016835297,0.017280456,0.015609794,0.016542101,0.021245589,0.016868085,0.01553852,0.014890625,0.015410289,0.016369762,0.016787801,0.016377792,0.017067632,0.014850128,0.021092927,0.018800491,0.018201616,0.013901529,0.016535396,0.016930815,0.015970187,0.018963659,0.016109774,0.0178653,0.016882326,0.016623652,0.012369835,0.017154228,0.016901024,0.017998287,0.017083425,0.021954529,0.01887745,0.01762262,0.014917392,0.017044861,0.018190442,0.016378121,0.01798412,0.012825747,0.013723043,0.010476534,0.013994895,0.018879652,0.022146458,0.020491611,0.018777581,0.015905689,0.01615439,0.020075025,0.018615864,0.017341524,0.013545928,0.016375106,0.019710539,0.019636968,0.015937217,0.020181125,0.011209575,0.01302617,0.016199321,0.012902546,0.015504296,0.012378882
103,CCPL0001gn,0.019714408,0.018659448,0.022573674,0.020897975,0.016611423,0.022109129,0.017212128,0.019741813,0.018643161,0.022483462,0.020765943,0.020847276,0.022846244,0.020426001,0.015184551,0.016951116,0.013465124,0.020308746,0.013567585,0.016472396,0.013658368,0.015523471,0.020345414,0.0166965,0.02185832,0.018092697,0.019486539,0.020530727,0.02296569,0.020920908,0.024658969,0.021757951,0.024540713,0.022602171,0.0219837,0.025312757,0.025474058,0.022959175,0.017197082,0.020915657,0.01776302,0.020716202,0.018787609,0.021829465,0.021318087,0.016741332,0.010391355,0.016678942,0.010700919,0.017131971,0.014763483,0.012856605,0.022788262,0.014520911,0.015383209,0.017837502,0.018316032,0.008366517,0.014680005,0.014186603,0.019681953,0.023891905,0.021150416,0.01472568,0.014042255,0.016919451
104,CCPL0001hs,0.023398494,0.020777663,0.02673064,0.024394279,0.013383058,0.02098974,0.020569345,0.024983658,0.025856158,0.024983658,0.019589094,0.012880468,0.046211373,0.008326259,0.024531441,0.038976811,0.038915358,0.044137631,0.045384329,0.044137631,0.038637344,0.0426105,0.014368783,0.022268899,0.035874598,0.035389379,0.040814519,0.041905362,0.040814519,0.035089359,0.0464416,0.027972559,0.016199864,0.014865206,0.01166555,0.010659511,0.01166555,0.013062444,0.025405517,0.03938571,0.039383348,0.044539358,0.045759518,0.044539358,0.039084103,0.022646835,0.022106953,0.026189024,0.027100453,0.026189024,0.021117354,0.015051235,0.015246582,0.01526942,0.015246582,0.01347062,0.014365342,0.014205064,0.014365342,0.011543001,0.008348332,0,0.01225073,0.008348332,0.0122054,0.01225073
105,CCPL0001ht,0.018151546,0.02081619,0.020644279,0.0209393,0.023123199,0.022373609,0.018844621,0.020255383,0.019443406,0.022373609,0.018164309,0.016190914,0.014645222,0.020314446,0.017529551,0.019436544,0.013671853,0.01912296,0.016156146,0.019436544,0.013779932,0.017787427,0.021384411,0.019179702,0.019320928,0.016014852,0.021681378,0.016956529,0.019320928,0.01626306,0.020965038,0.018860921,0.019224621,0.01571846,0.019538492,0.017520713,0.019224621,0.015220799,0.0190138,0.020033589,0.018449072,0.021378005,0.019111136,0.020033589,0.020095252,0.017028501,0.015767142,0.019897962,0.017029662,0.017028501,0.016948618,0.017009789,0.018935869,0.015559892,0,0.017112814,0.018130697,0.01508718,0.017009789,0.01470201,0.020099383,0.018935869,0.018438196,0.015559892,0.014766698,0.017112814
106,CCPL0001i9,0.016980426,0.019428747,0.020487113,0.020487113,0.03728798,0.016188055,0.03441612,0.021443376,0.035277415,0.021940513,0.018039763,0.019028218,0.019415257,0.019415257,0.037391383,0.018421305,0.034777015,0.021994649,0.035551589,0.021956779,0.018442869,0.028036855,0.028036855,0.050013643,0.02382957,0.047091495,0.029277718,0.047993943,0.00813471,0.026273794,0,0.026688851,0.018357791,0.02444849,0.018814148,0.024994938,0.031750768,0.015717866,0.026688851,0.018357791,0.02444849,0.018814148,0.024994938,0.031750768,0.015717866,0.033579778,0.008483429,0.029663762,0.006742149,0.05385356,0.028607314,0.031120593,0.019573152,0.031529889,0.026560718,0.01779373,0.027889267,0.009107683,0.050898612,0.026081784,0.027779864,0.03216847,0.018314075,0.051700655,0.026833309,0.029979773
107,CCPL0001is,0.017976431,0.021643223,0.017272424,0.01925656,0.026283026,0.017778378,0.018843122,0.017453862,0.018299123,0.017927196,0.021020541,0.024189735,0.016138813,0.017982088,0.023556858,0.018657314,0.017691566,0.017374039,0.017360002,0.017822001,0.018030427,0.025160709,0.024148339,0.038672142,0.027058059,0.023580678,0.023202917,0.01981792,0.017991684,0.025616996,0.016675463,0.020125389,0.015652275,0.016505258,0.015508018,0.016625511,0.017393783,0.016539725,0.023177469,0.018686051,0.018902136,0.017744057,0.016229779,0.017272044,0.016617378,0.019718554,0.024579277,0.022537678,0.025185741,0.027442293,0.021471133,0.019101314,0.017322149,0.019297712,0.020112433,0.019647211,0.01806142,0.018571949,0.019144498,0.019379698,0.016476478,0.017372098,0.017595394,0.006048816,0.013870706,0.015530117
108,CCPL0001j8,0.020718815,0.01915014,0.021350497,0.021682588,0.020180188,0.021711627,0.01656921,0.020331936,0.019379776,0.019290099,0.019047609,0.007815212,0.017075382,0.017653789,0.015248352,0.018724022,0.019614665,0.016168436,0.016701788,0.018362705,0.018777229,0.017270934,0.018016107,0.015177674,0.018286055,0.01895497,0.015911272,0.016660906,0.017875494,0.018151786,0.021081476,0.009439275,0.015388452,0.019991688,0.018141972,0.008551144,0.012628856,0.014114904,0.020238027,0.024458071,0.021057708,0.020225737,0.020560227,0.021392742,0.022034029,0.01232062,0.019115733,0.016257629,0.008161304,0.011371036,0.012136626,0.022888085,0.019404415,0.014322554,0.016437981,0.0171996,0.019946558,0.018840572,0.019044472,0.019115677,0.017485524,0.017255694,0.018370312,0.011485842,0.011879154,0.01094906
109,CCPL0001jf,0.009514053,0.019381205,0.020045236,0.018408231,0.018710298,0.03482664,0.028910721,0.017828668,0.015482742,0.020507304,0.03020636,0.019336984,0.020506205,0.018361183,0.019209947,0.035806097,0.029974105,0.018566126,0.015922159,0.020763135,0.029710704,0.020421818,0.014654941,0.016762674,0.036758464,0.030839158,0.019569572,0.015784716,0.021334441,0.028414294,0.020237617,0.022580616,0.032545254,0.02815224,0.013546325,0.015657408,0.014464119,0.031710744,0.016443346,0.03682651,0.03076514,0.01856143,0.013658006,0.02128238,0.027770916,0.038162578,0.03166391,0.020950964,0.015919451,0.02424554,0.027733812,0.009756037,0.028871978,0.036296673,0.032164358,0.059044421,0.023779986,0.030214636,0.02777373,0.052814472,0.014938871,0.015256879,0.033677943,0.017331384,0.025239279,0.033261485
110,CCPL0001jg,0.017606728,0.023838907,0.022407755,0.018086458,0.018947467,0.014564934,0.019758925,0.020138795,0.022741586,0.030181741,0.018448547,0.021598881,0.019849541,0.016750764,0.017923083,0.014495343,0.017356753,0.01860394,0.020378491,0.029648559,0.015333603,0.018889612,0.021116236,0.023380337,0.019768452,0.017263738,0.019380001,0.021924281,0.033724483,0.018077789,0.019828411,0.022331664,0.018969929,0.015231279,0.016100263,0.019635556,0.034984946,0.014949861,0.019445546,0.01521632,0.016921878,0.01663648,0.021437237,0.032566138,0.016288852,0.014374959,0.019938953,0.023708003,0.022295186,0.025278488,0.017556166,0.015681781,0.018211734,0.019195791,0.026579387,0.014402608,0.014665586,0.019321233,0.032182492,0.014179658,0.019959008,0.038976975,0.015046692,0.031870794,0.0140111,0.031468306
111,CCPL0001ju,0.014337004,0.020642471,0.017099923,0.021842919,0.017014781,0.019765461,0.016711071,0.018431259,0.030916719,0.021121128,0.019445056,0.020177064,0.01491283,0.02426667,0.017948601,0.01696942,0.016991789,0.016563198,0.025315931,0.023358395,0.017865926,0.019445153,0.025367001,0.022734577,0.02318806,0.020518877,0.02256275,0.031289469,0.024813415,0.022516504,0.022682434,0.019292006,0.01714945,0.016502049,0.017863102,0.024821172,0.022265786,0.018195795,0.013356115,0.025952479,0.01698271,0.020539049,0.043055311,0.00944498,0.024306232,0.022038722,0.013298459,0.016494459,0.037062656,0.012553084,0.020829799,0.020464359,0.020487556,0.027802706,0.025421729,0.013159581,0.017113291,0.032755293,0.016346004,0.019149445,0.032354765,0.019849081,0.021159107,0.042305317,0.030232238,0.024279736
112,CCPL0001kf,0.023104658,0.047113534,0.012961521,0.028620521,0.013378876,0.009184747,0.045281406,0.023110559,0.014998582,0.013378876,0.024774894,0.03124713,0.019333933,0.018680625,0.018944101,0.0225906,0.030003225,0.017616162,0.028225651,0.018944101,0.016313549,0.043129865,0.028013842,0.042093504,0.046703499,0.007795374,0.032937452,0.053690631,0.042093504,0.027559513,0.023790849,0.006721016,0.010483886,0.041376039,0.017943937,0.01213635,0.006721016,0.020787844,0.022965565,0.027589565,0.02668752,0.020381244,0.03281207,0.022965565,0.017522184,0.011330843,0.040446147,0.018295156,0.013340841,0,0.020179717,0.045078725,0.021076942,0.012032854,0.011330843,0.024569219,0.031617556,0.052090108,0.040446147,0.025441587,0.026217928,0.018295156,0.017419111,0.013340841,0.030664509,0.020179717
113,CCPL0001le,0.022272086,0.022124095,0.024899254,0.02123311,0.020613093,0.015280142,0.020614387,0.043503191,0.020272855,0.023229683,0.015290092,0.018280393,0.018405862,0.020890452,0.017316381,0.032564051,0.017404305,0.030205965,0.017387137,0.017887067,0.01820497,0.014371403,0.020160289,0.013271299,0.03260529,0.013305348,0.030369921,0.01342989,0.013769188,0.01509016,0.018690905,0.005983023,0.036161054,0.005958188,0.024412885,0.005670009,0.002755829,0.01265879,0.017141448,0.031080486,0.017203171,0.032174453,0.017241888,0.01806277,0.017509058,0.031375553,0.002622108,0.028773611,0.003054629,0.004384111,0.008212259,0.031359985,0.055770159,0.03095763,0.034306835,0.024722623,0.028755149,0.002993356,0.004466633,0.008050403,0.028990211,0.026074387,0.034686327,0.004000691,0.007715852,0.010830518
114,CCPL0001mb,0.024466323,0.020230973,0.01780656,0.024080211,0.019494513,0.017333612,0.018075377,0.023416197,0.019844944,0.01779189,0.017945992,0.025349623,0.026351765,0.009984422,0.023884879,0.025731251,0.02593218,0.02510193,0.013963871,0.026177093,0.01592627,0.017953156,0.024932263,0.019600401,0.015683148,0.018056478,0.020008447,0.021958677,0.017770426,0.019885095,0.025330057,0.017630942,0.01593584,0.017440729,0.021308178,0.021235054,0.002901162,0.018722087,0.022256188,0.024889559,0.025198797,0.025028916,0.013708848,0.025168711,0.015879901,0.017542195,0.017598739,0.02256679,0.019050807,0.017547354,0.018465525,0.015112244,0.021103257,0.020796545,0.015874749,0.018782958,0.022377776,0.020173598,0.017375344,0.018943163,0.022673612,0.021182695,0.020426489,0.021069139,0.012513126,0.018588439
115,CCPL0001mc,0.015651556,0.01999267,0.02804476,0.01767803,0.015844753,0.028416479,0.019928852,0.015277039,0.020242162,0.030507483,0.020118237,0.018723788,0.026272342,0.017522004,0.014073181,0.028902076,0.017704159,0.013918493,0.017876167,0.02867475,0.018743824,0.016730865,0.019612363,0.019563476,0.037155274,0.018593352,0.019180642,0.018251313,0.018704038,0.013373707,0.028469279,0.029449614,0.048788276,0.025759138,0.029367328,0.024913253,0.005649233,0.016046321,0.015213038,0.026289145,0.018510532,0.01364738,0.018839633,0.030654067,0.020074684,0.022735931,0.015391645,0.007392469,0.015911823,0.031512361,0.019935712,0.030745232,0.02134023,0.031582166,0.051100105,0.037648723,0.015259621,0.003902212,0.027660431,0.01817658,0.015826005,0.031660594,0.019182075,0.026794085,0.017910298,0.018287899
116,CCPL0001nl,0.048524931,0.027308056,0.031572018,0.02077168,0.029996725,0.030312985,0.033277106,0.011012114,0.033148985,0.032316808,0.031518355,0.02796788,0.025227571,0.034832045,0.025346076,0.024168646,0.021776309,0.04499026,0.021897711,0.022482179,0.025014749,0.018600851,0.019023513,0.016849926,0.016795486,0.017919244,0.024127582,0.017691894,0.017269298,0.018251415,0.021470683,0.017390842,0.010915154,0.010712254,0.028326968,0.010936838,0.010679667,0.004698705,0.019735526,0.019708073,0.021706132,0.017842699,0.021678338,0.02107274,0.021473443,0.01518101,0.016084883,0.027045174,0.015983433,0.015735552,0.016874224,0.005034282,0.02726193,0.005261587,0.004604983,0.009525623,0.029823432,0.003275304,0.003189146,0.010120045,0.029708022,0.028888108,0.02841939,0.002061781,0.010250071,0.010005662
117,CCPL0001oh,0.013371374,0.018470963,0.019115359,0.021192588,0.012079495,0.01261077,0.017618544,0.012432444,0.011792943,0.012046068,0.012198254,0.02051324,0.022439575,0.024063855,0.014226187,0.015048984,0.020300863,0.014729477,0.013776426,0.013885245,0.013851681,0.021498868,0.025149116,0.016820109,0.016641881,0.019002995,0.01679703,0.016800821,0.017281525,0.017019704,0.019852929,0.017936556,0.017790753,0.02018201,0.017814308,0.017993728,0.018408442,0.017989382,0.020433975,0.020567387,0.023266407,0.020411924,0.020368973,0.020661397,0.020382179,0.003335762,0.015845826,0.002512034,0.003968458,0.004243165,0.004110467,0.015556392,0.002903221,0.004923221,0.005309941,0.005111806,0.015660483,0.016038317,0.015886487,0.015940119,0.004597312,0.004707723,0.004607352,0.004733441,0.004609524,0.004520519
118,CCPL0001oj,0.015504871,0.025314802,0.019063115,0.017182685,0.028392857,0.028387507,0.014881955,0.015350063,0.017153474,0.025212219,0.018369831,0.025341377,0.020466356,0.01888364,0.028029958,0.027837289,0.015799811,0.014781999,0.016987545,0.025206713,0.01893004,0.030712547,0.02796161,0.04738469,0.008692726,0.028369069,0.024270356,0.026600054,0.008304206,0.027118126,0.017904265,0.023618735,0.033386555,0.015967889,0.016864765,0.017983072,0.030437639,0.018097101,0.026093235,0.031436909,0.014657903,0.015110538,0.016098356,0.027780229,0.018107006,0.05061632,0.022671757,0.026594451,0.026880918,0.046950396,0.02669608,0.031793445,0.027976615,0.029855559,0.008907476,0.031387463,0.012450091,0.014507099,0.028163711,0.015608996,0.013264152,0.024304949,0.015665215,0.026291272,0.018278154,0.028170599
119,CCPL0001ok,0.017137596,0.017432952,0.015345664,0.018524194,0.038884357,0.015305349,0.016597468,0.016578468,0.015600376,0.015744368,0.017398879,0.017359508,0.016906684,0.020160418,0.031023353,0.019082308,0.021454193,0.018875942,0.018126139,0.019384036,0.020947412,0.019176232,0.023069674,0.035525758,0.019710386,0.021047445,0.019405983,0.019193579,0.019575508,0.022007825,0.019002911,0.034870759,0.018667247,0.020741578,0.019132398,0.018225586,0.018793287,0.020066964,0.035777442,0.022717664,0.025336223,0.022430623,0.022442719,0.023585418,0.020825461,0.039878774,0.042703312,0.03851369,0.037856173,0.039511081,0.038992185,0.00784196,0.01866626,0.006693153,0.008305934,0.012250286,0.020345066,0.008126484,0.009640359,0.014616976,0.018994523,0.019165156,0.021044398,0.008781029,0.012297061,0.013848912